มหาวิทยาลัย,คณะ,ชื่อหลักสูตร,ชื่อหลักสูตรภาษาอังกฤษ,ประเภทหลักสูตร,วิทยาเขต,ค่าใช้จ่าย,อัตราการสำเร็จการศึกษา,อัตราการได้งานทำ,ค่ามัธยฐานเงินเดือน,รอบ 1 Portfolio,รอบ 2 Quota,รอบ 3 Admission,รอบ 4 Direct Admission
จุฬาลงกรณ์มหาวิทยาลัย,วิศวกรรมทั่วไป,หลักสูตรวิศวกรรมศาสตรบัณฑิต สาขาวิชาวิศวกรรมศาสตร์,Bachelor of Engineering Program,ภาษาไทย ปกติ,วิทยาเขตหลัก,255,ร้อยละ 86.8 ต่อปีการศึกษา,,,322,38,380,0
จุฬาลงกรณ์มหาวิทยาลัย,วิศวกรรมคอมพิวเตอร์,หลักสูตรวิศวกรรมศาสตรบัณฑิต สาขาวิชาวิศวกรรมคอมพิวเตอร์,Bachelor of Engineering Program in Computer Engineering,ภาษาไทย ปกติ,วิทยาเขตหลัก,255,ร้อยละ 86.8 ต่อปีการศึกษา,,,50,0,65,0
จุฬาลงกรณ์มหาวิทยาลัย,วิศวกรรมคอมพิวเตอร์,หลักสูตรวิศวกรรมศาสตรบัณฑิต สาขาวิชาวิศวกรรมคอมพิวเตอร์และเทคโนโลยีดิจิทัล,Bachelor of Engineering Program in Computer Engineering and Digital Technology,ภาษาไทย ปกติ,วิทยาเขตหลัก,255,ร้อยละ 86.8 ต่อปีการศึกษา,,,190,10,140,0
จุฬาลงกรณ์มหาวิทยาลัย,วิศวกรรมเคมี,หลักสูตรวิศวกรรมศาสตรบัณฑิต สาขาวิชาวิศวกรรมเคมีและกระบวนการ (หลักสูตรนานาชาติ),Bachelor of Engineering Program in Chemical and Process Engineering (International Program),นานาชาติ,วิทยาเขตหลัก,ไม่ทราบ,,,,40,10,0,0
จุฬาลงกรณ์มหาวิทยาลัย,วิศวกรรมนิวเคลียร์,หลักสูตรวิศวกรรมศาสตรบัณฑิต สาขาวิชาวิศวกรรมนิวเคลียร์และรังสี,Bachelor of Engineering Program in Nuclear and Radiological Engineering,ภาษาไทย ปกติ,วิทยาเขตหลัก,255,ร้อยละ 86.8 ต่อปีการศึกษา,,,10,0,25,0
จุฬาลงกรณ์มหาวิทยาลัย,วิศวกรรมไฟฟ้า,หลักสูตรวิศวกรรมศาสตรบัณฑิต สาขาวิชาวิศวกรรมไฟฟ้า,Bachelor of Engineering Program in Electrical Engineering,ภาษาไทย ปกติ,วิทยาเขตหลัก,255,ร้อยละ 86.8 ต่อปีการศึกษา,,,10,0,0,0
จุฬาลงกรณ์มหาวิทยาลัย,วิศวกรรมไฟฟ้าสื่อสาร วิศวกรรมโทรคมนาคม,หลักสูตรวิศวกรรมศาสตรบัณฑิต สาขาวิชาวิศวกรรมสารสนเทศและการสื่อสาร (หลักสูตรนานาชาติ),Bachelor of Engineering Program in Information and Communication Engineering (International Program),นานาชาติ,วิทยาเขตหลัก,ไม่ทราบ,ร้อยละ 86.8 ต่อปีการศึกษา,,,87,21,0,0
จุฬาลงกรณ์มหาวิทยาลัย,วิศวกรรมยานยนต์,หลักสูตรวิศวกรรมศาสตรบัณฑิต สาขาวิชาวิศวกรรมการออกแบบและการผลิตยานยนต์ (หลักสูตรนานาชาติ),Bachelor of Engineering Program in Automotive Design and Manufacturing Engineering (International Program),นานาชาติ,วิทยาเขตหลัก,ไม่ทราบ,ร้อยละ 86.8 ต่อปีการศึกษา,,,45,18,0,0
จุฬาลงกรณ์มหาวิทยาลัย,วิศวกรรมโยธา,หลักสูตรวิศวกรรมศาสตรบัณฑิต สาขาวิชาวิศวกรรมโยธา,Bachelor of Engineering Program in Civil Engineering,ภาษาไทย ปกติ,วิทยาเขตหลัก,255,ร้อยละ 86.8 ต่อปีการศึกษา,,,0,0,10,0
จุฬาลงกรณ์มหาวิทยาลัย,วิศวกรรมวัสดุ,หลักสูตรวิศวกรรมศาสตรบัณฑิต สาขาวิชาวิศวกรรมโลหการและวัสดุ,Bachelor of Engineering Program in Metallurgical and Materials Engineering,ภาษาไทย ปกติ,วิทยาเขตหลัก,255,ร้อยละ 86.8 ต่อปีการศึกษา,,,0,0,35,0
จุฬาลงกรณ์มหาวิทยาลัย,วิศวกรรมวัสดุ,หลักสูตรวิศวกรรมศาสตรบัณฑิต สาขาวิชาวิศวกรรมนาโน (หลักสูตรนานาชาติ),Bachelor of Engineering Program in Nano-Engineering (International Program),นานาชาติ,วิทยาเขตหลัก,ไม่ทราบ,ร้อยละ 86.8 ต่อปีการศึกษา,,,35,20,0,0
จุฬาลงกรณ์มหาวิทยาลัย,วิศวกรรมสำรวจ,หลักสูตรวิศวกรรมศาสตรบัณฑิต สาขาวิชาวิศวกรรมสำรวจ,Bachelor of Engineering Program in Survey Engineering,ภาษาไทย ปกติ,วิทยาเขตหลัก,255,ร้อยละ 86.8 ต่อปีการศึกษา,,,10,0,40,0
จุฬาลงกรณ์มหาวิทยาลัย,วิศวกรรมสิ่งแวดล้อม,หลักสูตรวิศวกรรมศาสตรบัณฑิต สาขาวิชาวิศวกรรมสิ่งแวดล้อม,Bachelor of Engineering Program in Environmental Engineering,ภาษาไทย ปกติ,วิทยาเขตหลัก,255,ร้อยละ 86.8 ต่อปีการศึกษา,,,10,0,25,0
จุฬาลงกรณ์มหาวิทยาลัย,วิศวกรรมหุ่นยนต์,หลักสูตรวิศวกรรมศาสตรบัณฑิต สาขาวิชาวิศวกรรมหุ่นยนต์และปัญญาประดิษฐ์ (หลักสูตรนานาชาติ),Bachelor of Engineering Program in Robotics and Artificial Intelligence Engineering (International Program),นานาชาติ,วิทยาเขตหลัก,ไม่ทราบ,ร้อยละ 86.8 ต่อปีการศึกษา,,,45,11,0,0
จุฬาลงกรณ์มหาวิทยาลัย,วิศวกรรมเหมืองแร่,หลักสูตรวิศวกรรมศาสตรบัณฑิต สาขาวิชาวิศวกรรมทรัพยากรธรณี,Bachelor of Engineering Program in Georesources Engineering,ภาษาไทย ปกติ,วิทยาเขตหลัก,255,ร้อยละ 86.8 ต่อปีการศึกษา,,,10,0,25,0
จุฬาลงกรณ์มหาวิทยาลัย,วิศวกรรมอากาศยาน,หลักสูตรวิศวกรรมศาสตรบัณฑิต สาขาวิชาวิศวกรรมอากาศยาน (หลักสูตรนานาชาติ),Bachelor of Engineering Program in Aerospace Engineering (International Program),นานาชาติ,วิทยาเขตหลัก,ไม่ทราบ,ร้อยละ 86.8 ต่อปีการศึกษา,,,33,15,0,0
จุฬาลงกรณ์มหาวิทยาลัย,วิศวกรรมอุตสาหการ,หลักสูตรวิศวกรรมศาสตรบัณฑิต สาขาวิชาวิศวกรรมอุตสาหการ,Bachelor of Engineering Program in Industrial Engineering,ภาษาไทย ปกติ,วิทยาเขตหลัก,255,ร้อยละ 86.8 ต่อปีการศึกษา,,,0,0,5,0
มหาวิทยาลัยเกษตรศาสตร์,วิศวกรรมคอมพิวเตอร์,วศ.บ. สาขาวิชาวิศวกรรมคอมพิวเตอร์,B.Eng. (Computer Engineering),ภาษาไทย ปกติ,บางเขน,,,,,31,0,40,0
มหาวิทยาลัยเกษตรศาสตร์,วิศวกรรมเคมี,วศ.บ. สาขาวิชาวิศวกรรมเคมี,B.Eng. (Chemical Engineering),ภาษาไทย ปกติ,บางเขน,,,,,42,0,15,0
มหาวิทยาลัยเกษตรศาสตร์,วิศวกรรมเคมี,วศ.บ. สาขาวิชาวิศวกรรมเคมี,B.Eng. (Chemical Engineering),ภาษาไทย พิเศษ,บางเขน,,,,,20,27,39,0
มหาวิทยาลัยเกษตรศาสตร์,วิศวกรรมเครื่องกล,วศ.บ. สาขาวิชาวิศวกรรมเครื่องกล,B.Eng. (Mechanical Engineering),ภาษาไทย ปกติ,บางเขน,,,,,30,32,21,0
มหาวิทยาลัยเกษตรศาสตร์,วิศวกรรมเครื่องกล,วศ.บ. สาขาวิชาวิศวกรรมเครื่องกล,B.Eng. (Mechanical Engineering),ภาษาไทย พิเศษ,บางเขน,,,,,10,26,35,0
มหาวิทยาลัยเกษตรศาสตร์,วิศวกรรมเครื่องกล,วศ.บ. สาขาวิชาวิศวกรรมเครื่องกล,B.Eng. (Mechanical Engineering) (International Program),นานาชาติ,บางเขน,,,,,35,20,30,10
มหาวิทยาลัยเกษตรศาสตร์,วิศวกรรมซอฟต์แวร์,วศ.บ. สาขาวิชาวิศวกรรมซอฟต์แวร์และความรู้,B.Eng. (Software and Knowledge Engineering) (International Program),นานาชาติ,บางเขน,,,,,40,16,29,0
มหาวิทยาลัยเกษตรศาสตร์,วิศวกรรมไฟฟ้า,วศ.บ. สาขาวิชาวิศวกรรมไฟฟ้า,B.Eng. (Electrical Engineering),ภาษาไทย ปกติ,บางเขน,,,,,36,0,20,0
มหาวิทยาลัยเกษตรศาสตร์,วิศวกรรมไฟฟ้า,วศ.บ. สาขาวิชาวิศวกรรมไฟฟ้า,B.Eng. (Electrical Engineering),ภาษาไทย พิเศษ,บางเขน,,,,,15,20,38,0
มหาวิทยาลัยเกษตรศาสตร์,วิศวกรรมไฟฟ้า,วศ.บ. สาขาวิชาวิศวกรรมไฟฟ้า,B.Eng. (Electrical Engineering),ภาษาต่างประเทศ,บางเขน,,,,,30,17,30,10
มหาวิทยาลัยเกษตรศาสตร์,วิศวกรรมเมคคาทรอนิกส์,วศ.บ. สาขาวิชาวิศวกรรมไฟฟ้าเครื่องกลการผลิต,B.Eng. (Electrical-Mechanical Manufacturing Engineering),ภาษาไทย ปกติ,บางเขน,,,,,14,0,12,0
มหาวิทยาลัยเกษตรศาสตร์,วิศวกรรมเมคคาทรอนิกส์,วศ.บ. สาขาวิชาวิศวกรรมไฟฟ้าเครื่องกลการผลิต,B.Eng. (Electrical-Mechanical Manufacturing Engineering),ภาษาไทย พิเศษ,บางเขน,,,,,8,15,23,0
มหาวิทยาลัยเกษตรศาสตร์,วิศวกรรมเมคคาทรอนิกส์,วศ.บ. สาขาวิชาวิศวกรรมการผลิตดิจิทัลและการบูรณาการหุ่นยนต์,B.Eng. (Digital Manufacturing and Robotics Integration Engineering),นานาชาติ,บางเขน,,,,,20,7,30,10
มหาวิทยาลัยเกษตรศาสตร์,วิศวกรรมโยธา,วศ.บ. สาขาวิชาวิศวกรรมโยธา,B.Eng. (Civil Engineering),ภาษาไทย ปกติ,บางเขน,,,,,35,0,35,0
มหาวิทยาลัยเกษตรศาสตร์,วิศวกรรมโยธา,วศ.บ. สาขาวิชาวิศวกรรมโยธา-ทรัพยากรน้ำ,B.Eng. (Civil-Water Resources Engineering),ภาษาไทย ปกติ,บางเขน,,,,,15,0,45,0
มหาวิทยาลัยเกษตรศาสตร์,วิศวกรรมวัสดุ,วศ.บ. สาขาวิชาวิศวกรรมวัสดุ,B.Eng. (Materials Engineering),ภาษาไทย ปกติ,บางเขน,,,,,23,0,10,0
มหาวิทยาลัยเกษตรศาสตร์,วิศวกรรมวัสดุ,วศ.บ. สาขาวิชาวิศวกรรมวัสดุ,B.Eng. (Materials Engineering),ภาษาไทย พิเศษ,บางเขน,,,,,15,27,30,10
มหาวิทยาลัยเกษตรศาสตร์,วิศวกรรมสำรวจ,วศ.บ. สาขาวิชาวิศวกรรมสำรวจและสารสนเทศภูมิศาสตร์,B.Eng. (Survey Engineering and Geographic Information),ภาษาไทย พิเศษ,บางเขน,,,,,10,7,45,0
มหาวิทยาลัยเกษตรศาสตร์,วิศวกรรมสิ่งแวดล้อม,วศ.บ. สาขาวิชาวิศวกรรมสิ่งแวดล้อม,B.Eng. (Environmental Engineering),ภาษาไทย ปกติ,บางเขน,,,,,6,0,45,0
มหาวิทยาลัยเกษตรศาสตร์,วิศวกรรมอากาศยาน,วศ.บ. สาขาวิชาวิศวกรรมการบินและอวกาศ,B.Eng. (Aerospace Engineering),ภาษาไทย ปกติ,บางเขน,,,,,11,0,25,0
มหาวิทยาลัยเกษตรศาสตร์,วิศวกรรมอากาศยาน,วศ.บ. สาขาวิชาวิศวกรรมการบินและอวกาศ,B.Eng. (Aerospace Engineering) (International Program),Double Degree - นานาชาติ พิเศษ,บางเขน,,,,,22,36,25,5
มหาวิทยาลัยเกษตรศาสตร์,วิศวกรรมอุตสาหการ,วศ.บ. สาขาวิชาวิศวกรรมอุตสาหการ,B.Eng. (Industrial Engineering),ภาษาไทย ปกติ,บางเขน,,,,,20,0,30,0
มหาวิทยาลัยเกษตรศาสตร์,วิศวกรรมอุตสาหการ,วศ.บ. สาขาวิชาวิศวกรรมอุตสาหการ,B.Eng. (Industrial Engineering),ภาษาไทย พิเศษ,บางเขน,,,,,10,15,40,0
มหาวิทยาลัยเกษตรศาสตร์,วิศวกรรมอุตสาหการ,วศ.บ. สาขาวิชาวิศวกรรมอุตสาหการ,B.Eng. (Industrial Engineering),ภาษาต่างประเทศ,บางเขน,,,,,20,15,20,5
มหาวิทยาลัยเกษตรศาสตร์,การบิน,วท.บ. สาขาวิชาการจัดการเทคโนโลยีการบิน,B.S. (Aviation Technology Management),ภาษาไทย พิเศษ,บางเขน,,,,,25,8,28,0
มหาวิทยาลัยกาฬสินธุ์,วิศวกรรมเกษตร,อส.บ.วิศวกรรมเครื่องจักรกลเกษตร,B.Ind.Tech(AgriculturalMachineryEngineering),ภาษาไทย ปกติ,วิทยาเขตหลัก,865,,ร้อยละ 100 ของผู้จบการศึกษา,,10,10,20,28
มหาวิทยาลัยกาฬสินธุ์,วิศวกรรมคอมพิวเตอร์,วศ.บ.วิศวกรรมคอมพิวเตอร์,B.Eng.(Computer Engineering),ภาษาไทย ปกติ,วิทยาเขตหลัก,101,,ร้อยละ 100 ของผู้จบการศึกษา,,10,10,15,10
มหาวิทยาลัยกาฬสินธุ์,วิศวกรรมเครื่องกล,วศ.บ.วิศวกรรมเครื่องกล,B.Eng.(MechanicalEngineering),ภาษาไทย ปกติ,วิทยาเขตหลัก,101,,ร้อยละ 100 ของผู้จบการศึกษา,,10,10,15,10
มหาวิทยาลัยกาฬสินธุ์,วิศวกรรมเมคคาทรอนิกส์,วศ.บ.วิศวกรรมเมคคาทรอนิกส์,B.Eng.(MechatronicsEngineering),ภาษาไทย ปกติ,วิทยาเขตหลัก,101,,ร้อยละ 100 ของผู้จบการศึกษา,,10,10,25,28
มหาวิทยาลัยกาฬสินธุ์,วิศวกรรมโลจิสติกส์,วศ.บ.วิศวกรรมโลจิสติกส์,B.Eng.(LogisticsEngineering),ภาษาไทย ปกติ,วิทยาเขตหลัก,101,,ร้อยละ 100 ของผู้จบการศึกษา,,10,10,10,14
มหาวิทยาลัยกาฬสินธุ์,วิศวกรรมอุตสาหการ,วศ.บ.วิศวกรรมอุตสาหการ,B.Eng. (Industrial Engineering),ภาษาไทย ปกติ,วิทยาเขตหลัก,101,,ร้อยละ 100 ของผู้จบการศึกษา,,10,10,20,19
มหาวิทยาลัยกาฬสินธุ์,การออกแบบอุตสาหกรรม,สถ.บ.นวัตกรรมการออกแบบ,B.Arch. (Design Innovation),ภาษาไทย ปกติ,วิทยาเขตหลัก,108,,ร้อยละ 100 ของผู้จบการศึกษา,,10,10,15,14
มหาวิทยาลัยขอนแก่น,วิศวกรรมเกษตร,วิศวกรรมศาสตรบัณฑิต (วิศวกรรมเกษตร) วิศวกรรมเกษตร,Bachelor of Engineering (Agricultural Engineering),ภาษาไทย ปกติ,ขอนแก่น,ไม่ทราบ,,,,26,29,7,4
มหาวิทยาลัยขอนแก่น,วิศวกรรมคอมพิวเตอร์,วิศวกรรมศาสตรบัณฑิต (วิศวกรรมคอมพิวเตอร์) วิศวกรรมคอมพิวเตอร์,Bachelor of Engineering (Computer Engineering),ภาษาไทย ปกติ,ขอนแก่น,ไม่ทราบ,,,,50,53,30,0
มหาวิทยาลัยขอนแก่น,วิศวกรรมเคมี,วิศวกรรมศาสตรบัณฑิต (วิศวกรรมกระบวนการเคมี) วิศวกรรมกระบวนการเคมี หลักสูตรนานาชาติ,Bachelor of Engineering (Chemical Process Engineering),นานาชาติ,ขอนแก่น,ไม่ทราบ,,,,20,35,25,20
มหาวิทยาลัยขอนแก่น,วิศวกรรมเคมี,วิศวกรรมศาสตรบัณฑิต (วิศวกรรมเคมี) วิศวกรรมเคมี,Bachelor of Engineering (Chemical Engineering),ภาษาไทย ปกติ,ขอนแก่น,ไม่ทราบ,,,,16,50,26,14
มหาวิทยาลัยขอนแก่น,วิศวกรรมเครื่องกล,วิศวกรรมศาสตรบัณฑิต (วิศวกรรมเครื่องกล) วิศวกรรมเครื่องกล,Bachelor of Engineering (Mechanical Engineering),ภาษาไทย ปกติ,ขอนแก่น,ไม่ทราบ,,,,30,70,27,4
มหาวิทยาลัยขอนแก่น,วิศวกรรมซอฟต์แวร์,วิศวกรรมศาสตรบัณฑิต (วิศวกรรมสื่อดิจิทัล) หลักสูตรนานาชาติ วิศวกรรมสื่อดิจิทัล หลักสูตรนานาชาติ,Bachelor of Engineering (Digital Media Engineering) International Program,นานาชาติ,ขอนแก่น,ไม่ทราบ,,,,25,30,17,5
มหาวิทยาลัยขอนแก่น,วิศวกรรมไฟฟ้า,วิศวกรรมศาสตรบัณฑิต (วิศวกรรมไฟฟ้า) วิศวกรรมไฟฟ้า,Bachelor of Engineering (Electrical Engineering),ภาษาไทย ปกติ,ขอนแก่น,ไม่ทราบ,,,,12,23,21,0
มหาวิทยาลัยขอนแก่น,วิศวกรรมไฟฟ้าสื่อสาร วิศวกรรมโทรคมนาคม,วิศวกรรมศาสตรบัณฑิต (วิศวกรรมโทรคมนาคม) หลักสูตรนานาชาติ วิศวกรรมโทรคมนาคม หลักสูตรนานาชาติ,Bachelor of Engineering (Telecommunications Engineering) International Program,นานาชาติ,ขอนแก่น,ไม่ทราบ,,,,28,32,19,17
มหาวิทยาลัยขอนแก่น,วิศวกรรมโยธา,วิศวกรรมศาสตรบัณฑิต (วิศวกรรมโยธา) วิศวกรรมโยธา,Bachelor of Engineering (Civil Engineering),ภาษาไทย ปกติ,ขอนแก่น,ไม่ทราบ,,,,24,64,27,0
มหาวิทยาลัยขอนแก่น,วิศวกรรมระบบวัดคุม วิศวกรรมอัตโนมัติ,วิศวกรรมศาสตรบัณฑิต (วิศวกรรมระบบอัตโนมัติ หุ่นยนต์ และปัญญาประดิษฐ์) วิศวกรรมระบบอัตโนมัติ หุ่นยนต์ และปัญญาประดิษฐ์,Bachelor of Engineering (Automation Robotics and Intelligent System Engineering),ภาษาไทย ปกติ,ขอนแก่น,ไม่ทราบ,,,,35,44,26,16
มหาวิทยาลัยขอนแก่น,วิศวกรรมโลจิสติกส์,วิศวกรรมศาสตรบัณฑิต (วิศวกรรมโลจิสติกส์) หลักสูตรนานาชาติ วิศวกรรมโลจิสติกส์ หลักสูตรนานาชาติ,Bachelor of Engineering (Logistics Engineering) International Program,นานาชาติ,ขอนแก่น,ไม่ทราบ,,,,28,31,31,10
มหาวิทยาลัยขอนแก่น,วิศวกรรมสิ่งแวดล้อม,วิศวกรรมศาสตรบัณฑิต (วิศวกรรมสิ่งแวดล้อม) วิศวกรรมสิ่งแวดล้อม,Bachelor of Engineering (Environmental Engineering),ภาษาไทย ปกติ,ขอนแก่น,ไม่ทราบ,,,,22,30,17,0
มหาวิทยาลัยขอนแก่น,วิศวกรรมอิเล็กทรอนิกส์,วิศวกรรมศาสตรบัณฑิต (วิศวกรรมระบบอิเล็กทรอนิกส์) วิศวกรรมระบบอิเล็กทรอนิกส์,Bachelor of Engineering (Electronic Systems Engineering),ภาษาไทย ปกติ,ขอนแก่น,ไม่ทราบ,,,,8,25,15,0
มหาวิทยาลัยขอนแก่น,วิศวกรรมอุตสาหการ,วิศวกรรมศาสตรบัณฑิต (วิศวกรรมอุตสาหการ) วิศวกรรมอุตสาหการ,Bachelor of Engineering (Industrial Engineering),ภาษาไทย ปกติ,ขอนแก่น,ไม่ทราบ,,,,24,40,28,2
มหาวิทยาลัยเชียงใหม่,วิศวกรรมคอมพิวเตอร์,วศ.บ.วิศวกรรมคอมพิวเตอร์,,ภาษาไทย ปกติ,วิทยาเขตหลัก,184,61.50%,53.13%,"23,188",70,34,10,0
มหาวิทยาลัยเชียงใหม่,วิศวกรรมคอมพิวเตอร์,วศ.บ.วิศวกรรมคอมพิวเตอร์,,ภาษาไทย พิเศษ,วิทยาเขตหลัก,280,29.58%,53.13%,"23,188",15,10,5,5
มหาวิทยาลัยเชียงใหม่,วิศวกรรมคอมพิวเตอร์,วศ.บ.วิศวกรรมระบบสารสนเทศและเครือข่าย,,นานาชาติ,วิทยาเขตหลัก,400,69.44%,62.50%,"25,000",22,25,8,2
มหาวิทยาลัยเชียงใหม่,วิศวกรรมเครื่องกล,วศ.บ.วิศวกรรมเครื่องกล,,ภาษาไทย ปกติ,วิทยาเขตหลัก,184,51.89%,75.29%,"21,159",112,122,45,0
มหาวิทยาลัยเชียงใหม่,วิศวกรรมเครื่องกล,วศ.บ.วิศวกรรมเครื่องกล,,ภาษาไทย พิเศษ,วิทยาเขตหลัก,280,21.43%,75.29%,"21,159",15,25,15,10
มหาวิทยาลัยเชียงใหม่,วิศวกรรมเครื่องกล,วศ.บ.วิศวกรรมเครื่องกลและการบริหารโครงการวิศวกรรม,,นานาชาติ,วิทยาเขตหลัก,400,42.86%,40.00%,"20,000",24,21,10,5
มหาวิทยาลัยเชียงใหม่,วิศวกรรมไฟฟ้า,วศ.บ.วิศวกรรมไฟฟ้า,,ภาษาไทย ปกติ,วิทยาเขตหลัก,184,65.20%,70.27%,"22,379",67,62,20,0
มหาวิทยาลัยเชียงใหม่,วิศวกรรมไฟฟ้า,วศ.บ.วิศวกรรมไฟฟ้า,,ภาษาไทย พิเศษ,วิทยาเขตหลัก,280,20.59%,70.27%,"22,379",20,25,20,16
มหาวิทยาลัยเชียงใหม่,วิศวกรรมไฟฟ้า,วศ.บ.วิศวกรรมไฟฟ้าและเทคโนโลยีโครงข่ายไฟฟ้าอัจฉริยะ,,นานาชาติ,วิทยาเขตหลัก,400,,,,0,26,20,10
มหาวิทยาลัยเชียงใหม่,วิศวกรรมโยธา,วศ.บ.วิศวกรรมโยธา,,ภาษาไทย ปกติ,วิทยาเขตหลัก,184,59.75%,69.23%,"21,570",82,77,25,0
มหาวิทยาลัยเชียงใหม่,วิศวกรรมโยธา,วศ.บ.วิศวกรรมโยธา,,นานาชาติ,วิทยาเขตหลัก,400,,,,29,29,17,0
มหาวิทยาลัยเชียงใหม่,วิศวกรรมสิ่งแวดล้อม,วศ.บ.วิศวกรรมสิ่งแวดล้อม,,ภาษาไทย ปกติ,วิทยาเขตหลัก,184,42.95%,55.56%,"18,427",82,37,5,0
มหาวิทยาลัยเชียงใหม่,วิศวกรรมหุ่นยนต์,วศ.บ.วิศวกรรมหุ่นยนต์และปัญญาประดิษฐ์,,ภาษาไทย ปกติ,วิทยาเขตหลัก,232,,,,40,25,10,0
มหาวิทยาลัยเชียงใหม่,วิศวกรรมเหมืองแร่,วศ.บ.วิศวกรรมเหมืองแร่,,ภาษาไทย ปกติ,วิทยาเขตหลัก,184,47.71%,64.29%,"18,444",41,22,5,0
มหาวิทยาลัยเชียงใหม่,วิศวกรรมอุตสาหการ,วศ.บ.วิศวกรรมอุตสาหการ,,ภาษาไทย ปกติ,วิทยาเขตหลัก,184,68.12%,69.74%,"21,947",117,102,30,0
มหาวิทยาลัยเชียงใหม่,วิศวกรรมอุตสาหการ,วศ.บ.วิศวกรรมอุตสาหการ,,ภาษาไทย พิเศษ,วิทยาเขตหลัก,280,33.61%,69.74%,"21,947",10,20,55,25
มหาวิทยาลัยเชียงใหม่,วิศวกรรมอุตสาหการ,วศ.บ.วิศวกรรมอุตสาหการและการจัดการโลจิสติกส์,,นานาชาติ,วิทยาเขตหลัก,400,,,,26,25,20,5
มหาวิทยาลัยเชียงใหม่,วิศวกรรมเชิงนวัตกรรม,วศ.บ.วิศวกรรมบูรณาการ,,ภาษาไทย ปกติ,วิทยาเขตหลัก,184,,,,36,22,5,0
มหาวิทยาลัยเทคโนโลยีพระจอมเกล้าธนบุรี,วิศวกรรมคอมพิวเตอร์,วศ.บ.สาขาวิศวกรรมคอมพิวเตอร์(หลักสูตรนานาชาติ)-วศ.บ.4ปี,ComputerEngineering(InternationalProgram)-B.Eng.,นานาชาติ,บางมด,,,,,27,11,10,0
มหาวิทยาลัยเทคโนโลยีพระจอมเกล้าธนบุรี,วิศวกรรมคอมพิวเตอร์,วศ.บ.สาขาวิศวกรรมคอมพิวเตอร์-วศ.บ.4ปี,ComputerEngineering-B.Eng.,ภาษาไทย ปกติ,บางมด,,,,,52,24,10,0
มหาวิทยาลัยเทคโนโลยีพระจอมเกล้าธนบุรี,วิศวกรรมคอมพิวเตอร์,วศ.บ.สาขาวิศวกรรมคอมพิวเตอร์วศ.บ.4ปี(พื้นที่การศึกษาราชบุรี),ComputerEngineering-B.Eng.(RajaburiEducationalRegion),ภาษาไทย ปกติ,บางมด,,,,,21,10,0,0
มหาวิทยาลัยเทคโนโลยีพระจอมเกล้าธนบุรี,วิศวกรรมเคมี,วศ.บ.สาขาวิศวกรรมเคมี-วศ.บ.4ปี,ChemicalEngineering-B.Eng.,ภาษาไทย ปกติ,บางมด,,,,,54,24,30,3
มหาวิทยาลัยเทคโนโลยีพระจอมเกล้าธนบุรี,วิศวกรรมเคมี,วศ.บ.สาขาวิศวกรรมเคมี(หลักสูตรนานาชาติ)-วศ.บ.4ปี,ChemicalEngineering(InternationalProgram)-B.Eng.,นานาชาติ,บางมด,,,,,28,32,35,0
มหาวิทยาลัยเทคโนโลยีพระจอมเกล้าธนบุรี,วิศวกรรมเครื่องกล,วศ.บ.สาขาวิศวกรรมเครื่องกล-วศ.บ.4ปี,MechanicalEngineering-B.Eng.,ภาษาไทย ปกติ,บางมด,,,,,57,32,10,0
มหาวิทยาลัยเทคโนโลยีพระจอมเกล้าธนบุรี,วิศวกรรมเครื่องกล,วศ.บ.สาขาวิศวกรรมเครื่องกลวศ.บ.4ปี(พื้นที่การศึกษาราชบุรี),MechanicalEngineering-B.Eng.(RajaburiEducationalRegion),ภาษาไทย ปกติ,บางมด,,,,,20,11,0,0
มหาวิทยาลัยเทคโนโลยีพระจอมเกล้าธนบุรี,วิศวกรรมเครื่องกล,วศ.บ.สาขาวิศวกรรมยานยนต์-วศ.บ.4ปี,AutomotiveEngineering-B.Eng.,ภาษาไทย ปกติ,บางมด,,,,,53,41,35,0
มหาวิทยาลัยเทคโนโลยีพระจอมเกล้าธนบุรี,วิศวกรรมไฟฟ้า,วศ.บ.สาขาวิศวกรรมไฟฟ้า-วศ.บ.4ปี,ElectricalEngineering-B.Eng.,ภาษาไทย ปกติ,บางมด,,,,,53,36,29,0
มหาวิทยาลัยเทคโนโลยีพระจอมเกล้าธนบุรี,วิศวกรรมไฟฟ้า,วศ.บ.สาขาวิศวกรรมไฟฟ้า(ระบบไฟฟ้าอิเล็กทรอนิกส์กำลังและพลังงาน)-วศ.บ.4ปี,ElectricalEngineering(PowerSystemPowerElectronicsandEnergy)-B.Eng.,ภาษาไทย ปกติ,บางมด,,,,,27,22,10,0
มหาวิทยาลัยเทคโนโลยีพระจอมเกล้าธนบุรี,วิศวกรรมโยธา,วศ.บ.สาขาวิศวกรรมโยธา(หลักสูตรนานาชาติ)-วศ.บ.4ปี,CivilEngineering(InternationalProgram)-B.Eng.,นานาชาติ,บางมด,,,,,66,42,20,0
มหาวิทยาลัยเทคโนโลยีพระจอมเกล้าธนบุรี,วิศวกรรมโยธา,วศ.บ.สาขาวิศวกรรมโยธา-วศ.บ.4ปี,CivilEngineering-B.Eng.,ภาษาไทย ปกติ,บางมด,,,,,67,13,5,0
มหาวิทยาลัยเทคโนโลยีพระจอมเกล้าธนบุรี,วิศวกรรมระบบวัดคุม วิศวกรรมอัตโนมัติ,วศ.บ.สาขาวิศวกรรมอัตโนมัติ(หลักสูตรนานาชาติ)-วศ.บ.4ปี,AutomationEngineering(InternationalProgram)-B.Eng.,นานาชาติ,บางมด,,,,,32,27,25,19
มหาวิทยาลัยเทคโนโลยีพระจอมเกล้าธนบุรี,วิศวกรรมระบบวัดคุม วิศวกรรมอัตโนมัติ,วศ.บ.สาขาวิศวกรรมอัตโนมัติ(หลักสูตรนานาชาติ)-วศ.บ.4ปี-KOSEN,AutomationEngineering(InternationalProgram)-B.Eng.,นานาชาติ,บางมด,,,,,50,0,0,0
มหาวิทยาลัยเทคโนโลยีพระจอมเกล้าธนบุรี,วิศวกรรมระบบวัดคุม วิศวกรรมอัตโนมัติ,วศ.บ.สาขาวิศวกรรมระบบควบคุมและเครื่องมือวัด-วศ.บ.4ปี,ControlSystemandInstrumentationEngineering-B.Eng.,ภาษาไทย ปกติ,บางมด,,,,,30,19,8,0
มหาวิทยาลัยเทคโนโลยีพระจอมเกล้าธนบุรี,วิศวกรรมระบบวัดคุม วิศวกรรมอัตโนมัติ,วศ.บ.สาขาวิศวกรรมระบบควบคุมและเครื่องมือวัด(สหกิจศึกษา)-วศ.บ.4ปี,ControlSystemsandInstrumentationEngineering(Co-operativeEducation)-B.Eng.,ภาษาไทย ปกติ,บางมด,,,,,30,35,35,26
มหาวิทยาลัยเทคโนโลยีพระจอมเกล้าธนบุรี,วิศวกรรมวัสดุ,วศ.บ.สาขาวิศวกรรมวัสดุ-วศ.บ.4ปี,MaterialsEngineering-B.Eng.,ภาษาไทย ปกติ,บางมด,,,,,29,43,30,5
มหาวิทยาลัยเทคโนโลยีพระจอมเกล้าธนบุรี,วิศวกรรมวัสดุ,วศ.บ.สาขาวิศวกรรมเครื่องมือ-วศ.บ.4ปี,ToolEngineering-B.Eng.,ภาษาไทย ปกติ,บางมด,,,,,34,54,45,0
มหาวิทยาลัยเทคโนโลยีพระจอมเกล้าธนบุรี,วิศวกรรมวัสดุ,วศ.บ. วิศวกรรมการผลิตชิ้นส่วนยานยนต์และอากาศยานสมัยใหม่ - วศ.บ. 4 ปี,Modern Automotive and Aerospace Parts Manufacturing Engineering - B.Eng.,ภาษาไทย ปกติ,บางมด,,,,,27,21,20,0
มหาวิทยาลัยเทคโนโลยีพระจอมเกล้าธนบุรี,วิศวกรรมสิ่งแวดล้อม,วศ.บ.สาขาวิศวกรรมสิ่งแวดล้อม(หลักสูตรนานาชาติ)-วศ.บ.4ปี,EnviromentalEngineering(InternationalProgram)-B.Eng.,นานาชาติ,บางมด,,,,,28,38,15,26
มหาวิทยาลัยเทคโนโลยีพระจอมเกล้าธนบุรี,วิศวกรรมสิ่งแวดล้อม,วศ.บ.สาขาวิศวกรรมสิ่งแวดล้อม-วศ.บ.4ปี,EnvironmentalEngineering-B.Eng.,ภาษาไทย ปกติ,บางมด,,,,,29,20,2,0
มหาวิทยาลัยเทคโนโลยีพระจอมเกล้าธนบุรี,วิศวกรรมอิเล็กทรอนิกส์,วศ.บ.วิศวกรรมอิเล็กทรอนิกส์และสารสนเทศสื่อสาร(หลักสูตรนานาชาติ)-วศ.บ.4ปี,Electronic and Infocommunication Engineering (International Program) - B.Eng.,นานาชาติ,บางมด,,,,,28,63,30,0
มหาวิทยาลัยเทคโนโลยีพระจอมเกล้าธนบุรี,วิศวกรรมอิเล็กทรอนิกส์,วศ.บ.สาขาวิศวกรรมไฟฟ้าสื่อสารและอิเล็กทรอนิกส์-วศ.บ.4ปี,ElectricalCommunicationandElectronicEngineering-B.Eng.,ภาษาไทย ปกติ,บางมด,,,,,61,28,4,0
มหาวิทยาลัยเทคโนโลยีพระจอมเกล้าธนบุรี,วิศวกรรมอุตสาหการ,วศ.บ.สาขาวิศวกรรมอุตสาหการ-วศ.บ.4ปี,ProductionEngineering-B.Eng.,ภาษาไทย ปกติ,บางมด,,,,,57,45,13,0
มหาวิทยาลัยเทคโนโลยีพระจอมเกล้าธนบุรี,วิศวกรรมอุตสาหการ,วศ.บ.สาขาวิศวกรรมเมคคาทรอนิกส์-วศ.บ.4ปี,MechatronicEngineering-B.Eng.,ภาษาไทย ปกติ,บางมด,,,,,29,17,4,0
มหาวิทยาลัยเทคโนโลยีพระจอมเกล้าพระนครเหนือ,วิศวกรรมการผลิต,วศ.บ.วิศวกรรมการผลิต,Bachelor of Engineering Program in Production Engineering,ภาษาไทย ปกติ,กรุงเทพฯ,250,,ร้อยละ 71.93 (ภาพรวมคณะ รุ่นปีการศึกษา 2564),"20,000 - 25,000 บาท (ภาพรวมคณะ รุ่นปีการศึกษา 2564)",67,64,30,21
มหาวิทยาลัยเทคโนโลยีพระจอมเกล้าพระนครเหนือ,วิศวกรรมคอมพิวเตอร์,วศ.บ.วิศวกรรมคอมพิวเตอร์,Bachelor of Engineering Program in Computer Engineering,ภาษาไทย ปกติ,กรุงเทพฯ,250,,ร้อยละ 71.93 (ภาพรวมคณะ รุ่นปีการศึกษา 2564),"20,000 - 25,000 บาท (ภาพรวมคณะ รุ่นปีการศึกษา 2564)",30,23,5,0
มหาวิทยาลัยเทคโนโลยีพระจอมเกล้าพระนครเหนือ,วิศวกรรมเคมี,วศ.บ.วิศวกรรมเคมี,Bachelor of Engineering Program in Chemical Engineering,ภาษาไทย ปกติ,กรุงเทพฯ,250,,ร้อยละ 71.93 (ภาพรวมคณะ รุ่นปีการศึกษา 2564),"20,000 - 25,000 บาท (ภาพรวมคณะ รุ่นปีการศึกษา 2564)",40,23,20,0
มหาวิทยาลัยเทคโนโลยีพระจอมเกล้าพระนครเหนือ,วิศวกรรมเครื่องกล,วศ.บ.วิศวกรรมเครื่องกล,Bachelor of Engineering Program in Mechanical Engineering,ภาษาไทย ปกติ,กรุงเทพฯ,250,,ร้อยละ 71.93 (ภาพรวมคณะ รุ่นปีการศึกษา 2564),"20,000 - 25,000 บาท (ภาพรวมคณะ รุ่นปีการศึกษา 2564)",80,19,25,0
มหาวิทยาลัยเทคโนโลยีพระจอมเกล้าพระนครเหนือ,วิศวกรรมเครื่องกล,วศ.บ.วิศวกรรมเครื่องกล เพื่อการออกแบบและนวัตกรรม (หลักสูตรนานาชาติ),Bachelor of Engineering Program in Mechanical Engineering for Design and Innovation (International Program),นานาชาติ,กรุงเทพฯ,600,,ร้อยละ 71.93 (ภาพรวมคณะ รุ่นปีการศึกษา 2564),"20,000 - 25,000 บาท (ภาพรวมคณะ รุ่นปีการศึกษา 2564)",34,10,30,30
มหาวิทยาลัยเทคโนโลยีพระจอมเกล้าพระนครเหนือ,วิศวกรรมเครื่องกล,วศ.บ.วิศวกรรมขนถ่ายวัสดุ,Bachelor of Engineering Program in Materials Handing Engineering,ภาษาไทย ปกติ,กรุงเทพฯ,250,,ร้อยละ 71.93 (ภาพรวมคณะ รุ่นปีการศึกษา 2564),"20,000 - 25,000 บาท (ภาพรวมคณะ รุ่นปีการศึกษา 2564)",34,23,15,0
มหาวิทยาลัยเทคโนโลยีพระจอมเกล้าพระนครเหนือ,วิศวกรรมพลังงาน,วศ.บ.วิศวกรรมไฟฟ้าอุตสาหกรรมและพลังงาน,Bachelor of Engineering Program in Industrial Electrical and Energy Engineering,ภาษาไทย ปกติ,กรุงเทพฯ,250,,ร้อยละ 71.93 (ภาพรวมคณะ รุ่นปีการศึกษา 2564),"20,000 - 25,000 บาท (ภาพรวมคณะ รุ่นปีการศึกษา 2564)",26,23,10,0
มหาวิทยาลัยเทคโนโลยีพระจอมเกล้าพระนครเหนือ,วิศวกรรมพลังงาน,วศ.บ.วิศวกรรมไฟฟ้าอุตสาหกรรมและพลังงาน,Bachelor of Engineering Program in Industrial Electrical and Energy Engineering,ภาษาไทย พิเศษ,กรุงเทพฯ,300,,ร้อยละ 71.93 (ภาพรวมคณะ รุ่นปีการศึกษา 2564),"20,000 - 25,000 บาท (ภาพรวมคณะ รุ่นปีการศึกษา 2564)",0,30,5,3
มหาวิทยาลัยเทคโนโลยีพระจอมเกล้าพระนครเหนือ,วิศวกรรมไฟฟ้า,วศ.บ.วิศวกรรมไฟฟ้า,Bachelor of Engineering Program in Electrical Engineering,ภาษาไทย ปกติ,กรุงเทพฯ,250,,ร้อยละ 71.93 (ภาพรวมคณะ รุ่นปีการศึกษา 2564),"20,000 - 25,000 บาท (ภาพรวมคณะ รุ่นปีการศึกษา 2564)",55,33,30,0
มหาวิทยาลัยเทคโนโลยีพระจอมเกล้าพระนครเหนือ,วิศวกรรมไฟฟ้า,วศ.บ.วิศวกรรมไฟฟ้า,Bachelor of Engineering Program in Electrical Engineering,ภาษาไทย ปกติ,กรุงเทพฯ,250,,ร้อยละ 71.93 (ภาพรวมคณะ รุ่นปีการศึกษา 2564),"20,000 - 25,000 บาท (ภาพรวมคณะ รุ่นปีการศึกษา 2564)",30,13,25,0
มหาวิทยาลัยเทคโนโลยีพระจอมเกล้าพระนครเหนือ,วิศวกรรมไฟฟ้า,วศ.บ.วิศวกรรมไฟฟ้า(หลักสูตรภาษาอังกฤษ),Bachelor of Engineering Program in Electrical Engineering (EnglishProgram),ภาษาต่างประเทศ,กรุงเทพฯ,600,,ร้อยละ 71.93 (ภาพรวมคณะ รุ่นปีการศึกษา 2564),"20,000 - 25,000 บาท (ภาพรวมคณะ รุ่นปีการศึกษา 2564)",35,25,35,0
มหาวิทยาลัยเทคโนโลยีพระจอมเกล้าพระนครเหนือ,วิศวกรรมโยธา,วศ.บ.วิศวกรรมโยธา,Bachelor of Engineering Program in Civil Engineering,ภาษาไทย ปกติ,กรุงเทพฯ,250,,ร้อยละ 71.93 (ภาพรวมคณะ รุ่นปีการศึกษา 2564),"20,000 - 25,000 บาท (ภาพรวมคณะ รุ่นปีการศึกษา 2564)",55,33,0,0
มหาวิทยาลัยเทคโนโลยีพระจอมเกล้าพระนครเหนือ,วิศวกรรมโยธา,วศ.บ.วิศวกรรมโยธา,Bachelor of Engineering Program in Civil Engineering,ภาษาไทย พิเศษ,กรุงเทพฯ,300,,ร้อยละ 71.93 (ภาพรวมคณะ รุ่นปีการศึกษา 2564),"20,000 - 25,000 บาท (ภาพรวมคณะ รุ่นปีการศึกษา 2564)",0,0,40,20
มหาวิทยาลัยเทคโนโลยีพระจอมเกล้าพระนครเหนือ,วิศวกรรมโลจิสติกส์,วศ.บ.วิศวกรรมโลจิสติกส์,Bachelor of Engineering Program in Logistics Engineering,ภาษาไทย ปกติ,กรุงเทพฯ,250,,ร้อยละ 71.93 (ภาพรวมคณะ รุ่นปีการศึกษา 2564),"20,000 - 25,000 บาท (ภาพรวมคณะ รุ่นปีการศึกษา 2564)",39,23,15,0
มหาวิทยาลัยเทคโนโลยีพระจอมเกล้าพระนครเหนือ,วิศวกรรมโลจิสติกส์,วศ.บ.วิศวกรรมโลจิสติกส์,Bachelor of Engineering Program in Logistics Engineering,ภาษาไทย พิเศษ,กรุงเทพฯ,300,,ร้อยละ 71.93 (ภาพรวมคณะ รุ่นปีการศึกษา 2564),"20,000 - 25,000 บาท (ภาพรวมคณะ รุ่นปีการศึกษา 2564)",34,20,15,0
มหาวิทยาลัยเทคโนโลยีพระจอมเกล้าพระนครเหนือ,วิศวกรรมวัสดุ,วศ.บ.วิศวกรรมวัสดุ,Bachelor of Engineering Program in Materials Engineering,ภาษาไทย ปกติ,กรุงเทพฯ,250,,ร้อยละ 71.93 (ภาพรวมคณะ รุ่นปีการศึกษา 2564),"20,000 - 25,000 บาท (ภาพรวมคณะ รุ่นปีการศึกษา 2564)",72,68,30,20
มหาวิทยาลัยเทคโนโลยีพระจอมเกล้าพระนครเหนือ,วิศวกรรมวัสดุ,วศ.บ.วิศวกรรมวัสดุเชิงนวัตกรรม(หลักสูตรนานาชาติ),Bachelor of Engineering Program in Innovative Materials Engineering (International Program),นานาชาติ,กรุงเทพฯ,600,,ร้อยละ 71.93 (ภาพรวมคณะ รุ่นปีการศึกษา 2564),"20,000 - 25,000 บาท (ภาพรวมคณะ รุ่นปีการศึกษา 2564)",20,0,0,0
มหาวิทยาลัยเทคโนโลยีพระจอมเกล้าพระนครเหนือ,วิศวกรรมหุ่นยนต์,วศ.บ.วิศวกรรมหุ่นยนต์และระบบอัตโนมัติ(หลักสูตรภาษาอังกฤษ),Bachelor of Engineering Program in Robotic Engineering and Automation System (English Program),ภาษาต่างประเทศ,กรุงเทพฯ,600,,ร้อยละ 71.93 (ภาพรวมคณะ รุ่นปีการศึกษา 2564),"20,000 - 25,000 บาท (ภาพรวมคณะ รุ่นปีการศึกษา 2564)",41,20,10,17
มหาวิทยาลัยเทคโนโลยีพระจอมเกล้าพระนครเหนือ,วิศวกรรมอากาศยาน,วศ.บ.วิศวกรรมการบินและอวกาศ,Bachelor of Engineering Program in Aerospace Engineering,ภาษาไทย ปกติ,กรุงเทพฯ,250,,ร้อยละ 71.93 (ภาพรวมคณะ รุ่นปีการศึกษา 2564),"20,000 - 25,000 บาท (ภาพรวมคณะ รุ่นปีการศึกษา 2564)",42,9,25,0
มหาวิทยาลัยเทคโนโลยีพระจอมเกล้าพระนครเหนือ,วิศวกรรมอากาศยาน,วศ.บ.วิศวกรรมการบินและอวกาศ(หลักสูตรนานาชาติ),Bachelor of Engineering Program in Aerospace Engineering (International Program),นานาชาติ,กรุงเทพฯ,600,,ร้อยละ 71.93 (ภาพรวมคณะ รุ่นปีการศึกษา 2564),"20,000 - 25,000 บาท (ภาพรวมคณะ รุ่นปีการศึกษา 2564)",34,10,30,30
มหาวิทยาลัยเทคโนโลยีพระจอมเกล้าพระนครเหนือ,วิศวกรรมอุตสาหการ,วศ.บ.วิศวกรรมอุตสาหการ,Bachelor of Engineering Program in Industrial Engineering,ภาษาไทย ปกติ,กรุงเทพฯ,250,,ร้อยละ 71.93 (ภาพรวมคณะ รุ่นปีการศึกษา 2564),"20,000 - 25,000 บาท (ภาพรวมคณะ รุ่นปีการศึกษา 2564)",53,38,10,21
มหาวิทยาลัยเทคโนโลยีพระจอมเกล้าพระนครเหนือ,วิศวกรรมระบบวัดคุม วิศวกรรมอัตโนมัติ,วศ.บ.วิศวกรรมเครื่องมือวัดและอัตโนมัติ,Bachelor of Engineering Program in Instrumentation System Engineering,ภาษาไทย ปกติ,ปราจีนบุรี,250,,ร้อยละ 71.93 (ภาพรวมคณะ รุ่นปีการศึกษา 2564),"20,000 - 25,000 บาท (ภาพรวมคณะ รุ่นปีการศึกษา 2564)",41,28,10,5
มหาวิทยาลัยเทคโนโลยีสุรนารี,วิศวกรรมทั่วไป,"กลุ่มวิศวกรรมศาสตร์ (ประกอบด้วยสาขาวิชาวิศวกรรมการผลิตอัตโนมัติและหุ่นยนต์, วิศวกรรมเกษตรและอาหาร, วิศวกรรมคอมพิวเตอร์, วิศวกรรมเคมี, วิศวกรรมเครื่องกล, วิศวกรรมปิโตรเลียมและเทคโนโลยีธรณี, วิศวกรรมไฟฟ้า, วิศวกรรมโทรคมนาคม, วิศวกรรมยานยนต์,วิศวกรรมโยธา, วิศวกรรมขนส่งและโลจิสติส์, วิศวกรรมเซรามิก, วิศวกรรมพอลิเมอร์, วิศวกรรมโลหการ, วิศวกรรมสิ่งแวดล้อม, วิศวกรรมธรณี, วิศวกรรมอากาศยาน, วิศวกรรมอิเล็กทรอนิกส์, วิศวกรรมอุตสาหการ เรียนรวมกันปี 1 แยกสาขาปี 2)",Engineering,ภาษาไทย ปกติ,วิทยาเขตหลัก,,,,,1700,400,300,150
มหาวิทยาลัยเทคโนโลยีสุรนารี,วิศวกรรมการเงิน,การประกอบการด้วยเทคโนโลยีดิจิทัล (หลักสูตรนอกเวลา),Digital Technology Entrepreneurship,ภาษาไทย พิเศษ,วิทยาเขตหลัก,300,,,,20,40,40,20
มหาวิทยาลัยเทคโนโลยีสุรนารี,วิศวกรรมการผลิต,วิศวกรรมการผลิตอัตโนมัติและหุ่นยนต์,ManufacturingAutomationandRoboticsEngineering,ภาษาไทย ปกติ,วิทยาเขตหลัก,197,,ร้อยละ 80.00 ของผู้จบการศึกษาปี 2564,"20,872.67",5,0,0,0
มหาวิทยาลัยเทคโนโลยีสุรนารี,วิศวกรรมคอมพิวเตอร์,วิศวกรรมคอมพิวเตอร์,ComputerEngineering,ภาษาไทย ปกติ,วิทยาเขตหลัก,197,,ร้อยละ 83.64 ของผู้จบการศึกษาปี 2564,"21,743.75",10,0,0,0
มหาวิทยาลัยเทคโนโลยีสุรนารี,วิศวกรรมเครื่องกล,วิศวกรรมเครื่องกลและอากาศยาน (หลักสูตรนานาชาติ),Mechanical and Aeronautical Engineering(InternationalProgram),นานาชาติ,วิทยาเขตหลัก,199,,,,50,30,30,30
มหาวิทยาลัยเทคโนโลยีสุรนารี,วิศวกรรมไฟฟ้า,วิศวกรรมไฟฟ้า,ElectricalEngineering,ภาษาไทย ปกติ,วิทยาเขตหลัก,197,,ร้อยละ 76.06 ของผู้จบการศึกษาปี 2564,"20,918.60",10,0,0,0
มหาวิทยาลัยเทคโนโลยีสุรนารี,วิศวกรรมไฟฟ้า,วิศวกรรมไฟฟ้าอุตสาหกรรม (หลักสูตรนอกเวลา),Industrial Electrical Engineering,ภาษาไทย พิเศษ,วิทยาเขตหลัก,363,,,,20,20,20,10
มหาวิทยาลัยเทคโนโลยีสุรนารี,วิศวกรรมไฟฟ้าสื่อสาร วิศวกรรมโทรคมนาคม,วิศวกรรมโทรคมนาคม,TelecommunicationEngineering,ภาษาไทย ปกติ,วิทยาเขตหลัก,197,,ร้อยละ 81.25 ของผู้จบการศึกษาปี 2564,"22,377.78",5,0,0,0
มหาวิทยาลัยเทคโนโลยีสุรนารี,วิศวกรรมเมคคาทรอนิกส์,วิศวกรรมเมคคาทรอนิกส์ (หลักสูตรนอกเวลา),MechatronicsEngineering,ภาษาไทย พิเศษ,วิทยาเขตหลัก,243,,ร้อยละ 85.34 ของผู้จบการศึกษาปี 2564,"21,745.29",70,60,60,60
มหาวิทยาลัยเทคโนโลยีสุรนารี,วิศวกรรมเมคคาทรอนิกส์,วิศวกรรมยานยนต์สมัยใหม่ (หลักสูตรนอกเวลา),Modern Automotive Engineering,ภาษาไทย พิเศษ,วิทยาเขตหลัก,243,,,,70,60,60,60
มหาวิทยาลัยเทคโนโลยีสุรนารี,วิศวกรรมโยธา,วิศวกรรมโยธาและโครงสร้างพื้นฐาน (หลักสูตรนอกเวลา),CivilandInfrastuctureEngineering,ภาษาไทย พิเศษ,วิทยาเขตหลัก,363,,,,20,30,60,20
มหาวิทยาลัยเทคโนโลยีสุรนารี,วิศวกรรมโยธา,วิศวกรรมโยธา (หลักสูตรนานาชาติ),CivilEngineering(InternationalProgram),นานาชาติ,วิทยาเขตหลัก,199,,,,50,30,30,30
มหาวิทยาลัยเทคโนโลยีสุรนารี,วิศวกรรมโลจิสติกส์,วิศวกรรมขนส่งและโลจิสติกส์,TransportationAndLogisticsEngineering,ภาษาไทย ปกติ,วิทยาเขตหลัก,197,,ร้อยละ 71.01 ของผู้จบการศึกษาปี 2564,"18,647.56",5,0,0,0
มหาวิทยาลัยเทคโนโลยีสุรนารี,วิศวกรรมวัสดุ,วิศวกรรมพอลิเมอร์,PolymerEngineering,ภาษาไทย ปกติ,วิทยาเขตหลัก,197,,ร้อยละ 83.87 ของผู้จบการศึกษาปี 2564,"19,825.00",20,50,60,60
มหาวิทยาลัยเทคโนโลยีสุรนารี,วิศวกรรมวัสดุ,วิศวกรรมปิโตรเคมีและพอลิเมอร์ (หลักสูตรนานาชาติ),PetrochemicalandPolymerEngineering(InternationalProgram),นานาชาติ,วิทยาเขตหลัก,199,,,,50,30,30,30
มหาวิทยาลัยเทคโนโลยีสุรนารี,วิศวกรรมอิเล็กทรอนิกส์,วิศวกรรมอิเล็กทรอนิกส์,ElectronicEngineering,ภาษาไทย ปกติ,วิทยาเขตหลัก,197,,ร้อยละ 94.29 ของผู้จบการศึกษาปี 2564,"21,500.00",5,0,0,0
มหาวิทยาลัยเทคโนโลยีสุรนารี,วิศวกรรมอิเล็กทรอนิกส์,วิศวกรรมระบบสมองกลอัจฉริยะและอิเล็กทรอนิกส์ความถี่สูง (หลักสูตรนอกเวลา),IntelligentEmbeddedSystemsAndHighFrequencyElectronicEngineering,ภาษาไทย พิเศษ,วิทยาเขตหลัก,303,,,,20,60,60,60
มหาวิทยาลัยเทคโนโลยีสุรนารี,วิศวกรรมอุตสาหการ,วิศวกรรมอุตสาหการและการจัดการข้อมูล (หลักสูตรนอกเวลา),Industrial Engineering and Data Management,ภาษาไทย พิเศษ,วิทยาเขตหลัก,363,,,,50,50,60,20
มหาวิทยาลัยทักษิณ,วิศวกรรมเครื่องกล,วิศวกรรมศาสตรบัณฑิต สาขาวิชาวิศวกรรมเครื่องกล,Bachelor of Engineering Program in Mechanical Engineering,ภาษาไทย ปกติ,พัทลุง,180,,,,36,16,20,5
มหาวิทยาลัยทักษิณ,วิศวกรรมเมคคาทรอนิกส์,วิศวกรรมศาสตรบัณฑิต สาขาวิชาวิศวกรรมเมคคาทรอนิกส์,Bachelor of Engineering Program in Mechatronics Engineering,ภาษาไทย ปกติ,พัทลุง,180,,,,36,16,40,5
มหาวิทยาลัยทักษิณ,วิศวกรรมวัสดุ,วิศวกรรมศาสตรบัณฑิต สาขาวิชาวิศวกรรมยางและพอลิเมอร์,Bachelor of Engineering Program in Rubber and Polymer Engineering,ภาษาไทย ปกติ,พัทลุง,180,,,,36,16,40,5
มหาวิทยาลัยธรรมศาสตร์,วิศวกรรมทั่วไป,วิศวกรรมศาสตรบัณฑิต (หลักสูตรนานาชาติ) (หลักสูตรสองสถาบัน) (TEP),Bachelor of Engineering Program (International Program)(Twinning Program),นานาชาติ,ศูนย์รังสิต,5,ร้อยละ 80,ร้อยละ 90 ของผู้จบการศึกษา,40000 บาท,105,20,0,70
มหาวิทยาลัยธรรมศาสตร์,วิศวกรรมคอมพิวเตอร์,วศ.บ.สาขาวิชาวิศกรรมคอมพิวเตอร์,Bachelor of Engineering Program in Computer Engineering,ภาษาไทย ปกติ,ศูนย์รังสิต,182,ร้อยละ 74.00,ร้อยละ 90,27000 บาท,17,23,30,0
มหาวิทยาลัยธรรมศาสตร์,วิศวกรรมเคมี,วศ.บ.สาขาวิชาวิศวกรรมเคมี,Bachelor of Engineering Program in Chemical Engineering,ภาษาไทย ปกติ,ศูนย์รังสิต,182,ร้อยละ 74.00,ร้อยละ 90,32000 บาท,37,22,60,0
มหาวิทยาลัยธรรมศาสตร์,วิศวกรรมเคมี,หลักสูตร วศ.บ.สาขาวิชาวิศวกรรมเคมีและการจัดการ (หลักสูตรนานาชาติ) (TEPE),Bachelor of Engineering Programe in Chemical Engineering (International Program),นานาชาติ,ศูนย์รังสิต,900,ร้อยละ 80,ร้อยละ 90,35000 บาท,12,2,0,16
มหาวิทยาลัยธรรมศาสตร์,วิศวกรรมเครื่องกล,วศ.บ.สาขาวิชาวิศกรรมเครื่องกล,Bachelor of Engineering Program in Mechanical Engineering,ภาษาไทย ปกติ,ศูนย์รังสิต,182,ร้อยละ 74.00,ร้อยละ 96,22000 บาท,37,22,35,0
มหาวิทยาลัยธรรมศาสตร์,วิศวกรรมเครื่องกล,หลักสูตร วศ.บ.สาขาวิชาวิศวกรรมเครื่องกลและการจัดการอุตสาหกรรม (หลักสูตรนานาชาติ) (TEPE),Bachelor of Engineering Programe in Mechanical Engineering/Industrial Engineering (International Program),นานาชาติ,ศูนย์รังสิต,900,ร้อยละ 80,ร้อยละ 90,35000 บาท,12,2,0,6
มหาวิทยาลัยธรรมศาสตร์,วิศวกรรมซอฟต์แวร์,วศ.บ.สาขาวิชาวิศวกรรมซอฟต์แวร์ (โครงการพิเศษ),Bachelor of Engineering Program in Software Engineering,ภาษาไทย พิเศษ,ศูนย์รังสิต,520,ร้อยละ 70,ร้อยละ 100,"30,000 บาท",38,7,30,0
มหาวิทยาลัยธรรมศาสตร์,วิศวกรรมไฟฟ้า,วศ.บ.สาขาวิชาวิศวกรรมไฟฟ้า,Bachelor of Engineering Program in Electrical Engineering,ภาษาไทย ปกติ,ศูนย์รังสิต,182,ร้อยละ 74.00,ร้อยละ 89,25000 บาท,37,22,60,0
มหาวิทยาลัยธรรมศาสตร์,วิศวกรรมไฟฟ้า,วศ.บ.สาขาวิชาวิศวกรรมไฟฟ้าและการจัดการอุตสาหกรรม (โครงการพิเศษ),Bachelor of Engineering Program in Industrial Electrical Engineering,ภาษาไทย พิเศษ,ศูนย์รังสิต,570,ร้อยละ 70,ร้อยละ 100,"30,000 บาท",38,7,30,0
มหาวิทยาลัยธรรมศาสตร์,วิศวกรรมไฟฟ้า,หลักสูตร วศ.บ.สาขาวิชาวิศวกรรมไฟฟ้าและข้อมูล (หลักสูตรนานาชาติ) (TEPE),Bachelor of Engineering Programe in Electrical Engineering (International Program),นานาชาติ,ศูนย์รังสิต,900,ร้อยละ 80,ร้อยละ 90,35000 บาท,14,3,0,13
มหาวิทยาลัยธรรมศาสตร์,วิศวกรรมโยธา,วศ.บ.สาขาวิชาวิศวกรรมโยธา,Bachelor of Engineering Program in Electrical Engineering,ภาษาไทย ปกติ,ศูนย์รังสิต,182,ร้อยละ 74.00,ร้อยละ 88,24000 บาท,37,23,40,0
มหาวิทยาลัยธรรมศาสตร์,วิศวกรรมโยธา,วศ.บ.สาขาวิชาวิศวกรรมโยธาและการบริหารการก่อสร้าง (โครงการพิเศษ),Bachelor of Engineering Program in Civil Engineeringand Construction Management,ภาษาไทย พิเศษ,ศูนย์รังสิต,570,ร้อยละ 70,ร้อยละ 100,"30,000 บาท",38,7,20,0
มหาวิทยาลัยธรรมศาสตร์,วิศวกรรมโยธา,หลักสูตร วศ.บ.สาขาวิชาวิศวกรรมโยธาและการพัฒนาอสังหาริมทรัพย์ (หลักสูตรนานาชาติ) (TEPE),Bachelor of Engineering Programe in Civil Engineering (International Program),นานาชาติ,ศูนย์รังสิต,900,ร้อยละ 80,ร้อยละ 90,35000 บาท,12,2,0,6
มหาวิทยาลัยธรรมศาสตร์,วิศวกรรมอุตสาหการ,วศ.บ.สาขาวิชาวิศกรรมอุตสาหการ,Bachelor of Engineering Program in Industrial Engineering,ภาษาไทย ปกติ,ศูนย์รังสิต,182,ร้อยละ 74.00,ร้อยละ 74,25000 บาท,37,22,50,0
มหาวิทยาลัยธรรมศาสตร์,วิศวกรรมยานยนต์,วศ.บ.สาขาวิชาวิศวกรรมยานยนต์และระบบอัตโนมัติ (ศึกษาที่ มธ.ศูนย์พัทยา) (โครงการพิเศษ) (V-TECH),Bachelor of Engineering Program in Vehicle Technology Engineering,ภาษาไทย พิเศษ,ศูนย์พัทยา,324,,,,30,10,37,0
มหาวิทยาลัยนครพนม,วิศวกรรมคอมพิวเตอร์,วิศวกรรมศาสตรบัณฑิต,Bachelor of Engineering Program in Computer Engineering,ภาษาไทย ปกติ,วิทยาเขตหลัก,722,อัตราการจบการศึกษา ร้อยละ 80,ร้อยละ 90 ของผู้จบการศึกษา,15000,40,40,40,0
มหาวิทยาลัยนครพนม,วิศวกรรมเครื่องกล,วิศวกรรมศาสตรบัณฑิต,Bachelor of Engineering Program in Mechanical Engineering,ภาษาไทย ปกติ,วิทยาเขตหลัก,722,อัตราการจบการศึกษา ร้อยละ 80,ร้อยละ 90 ของผู้จบการศึกษา,15000,40,40,40,0
มหาวิทยาลัยนครพนม,วิศวกรรมไฟฟ้า,วิศวกรรมศาสตรบัณฑิต,Bachelor of Engineering Program in Electrical Engineering,ภาษาไทย ปกติ,วิทยาเขตหลัก,725,อัตราการจบการศึกษา ร้อยละ 80,ร้อยละ 90 ของผู้จบการศึกษา,15000,40,40,40,0
มหาวิทยาลัยนครพนม,วิศวกรรมโยธา,วิศวกรรมศาสตรบัณฑิต,Bachelor of Engineering Program in Civil Engineering,ภาษาไทย ปกติ,วิทยาเขตหลัก,659,อัตราการจบการศึกษา ร้อยละ 80,ร้อยละ 90 ของผู้จบการศึกษา,15000,40,40,40,0
มหาวิทยาลัยนครพนม,วิศวกรรมโลจิสติกส์,วิศวกรรมศาสตรบัณฑิต,Bachelor of Engineering Program in Logistics Engineering,ภาษาไทย ปกติ,วิทยาเขตหลัก,722,อัตราการจบการศึกษา ร้อยละ 80,ร้อยละ 90 ของผู้จบการศึกษา,15000,40,40,40,0
มหาวิทยาลัยนครพนม,วิศวกรรมอุตสาหการ,วิศวกรรมศาสตรบัณฑิต,Bachelor of Engineering Program in Civil Engineering,ภาษาไทย ปกติ,วิทยาเขตหลัก,722,อัตราการจบการศึกษา ร้อยละ 80,ร้อยละ 90 ของผู้จบการศึกษา,15000,25,25,25,0
มหาวิทยาลัยนราธิวาสราชนครินทร์,วิศวกรรมคอมพิวเตอร์,วิศวกรรมคอมพิวเตอร์,Bachelor of Engineering Program in Computer Engineering,ภาษาไทย ปกติ,วิทยาเขตหลัก,112,อัตราการจบการศึกษา ร้อยละ 80 ของนักศึกษาปีการศึกษา 2567,ร้อยละ 90 ของผู้จบการศึกษา,,25,30,27,31
มหาวิทยาลัยนราธิวาสราชนครินทร์,วิศวกรรมเครื่องกล,วิศวกรรมเครื่องกล,Bachelor of Engineering Program in Mechanical Engineering,ภาษาไทย ปกติ,วิทยาเขตหลัก,112,อัตราการจบการศึกษา ร้อยละ 80 ของนักศึกษาปีการศึกษา 2567,ร้อยละ 90 ของผู้จบการศึกษา,,15,25,16,13
มหาวิทยาลัยนราธิวาสราชนครินทร์,วิศวกรรมไฟฟ้า,วิศวกรรมไฟฟ้า,Bachelor of Engineering Program in Electrical Engineering,ภาษาไทย ปกติ,วิทยาเขตหลัก,112,อัตราการจบการศึกษา ร้อยละ 80 ของนักศึกษาปีการศึกษา 2567,ร้อยละ 90 ของผู้จบการศึกษา,,20,20,19,14
มหาวิทยาลัยนราธิวาสราชนครินทร์,วิศวกรรมโยธา,วิศวกรรมโยธา,Bachelor of Engineering Program in Civil Engineering,ภาษาไทย ปกติ,วิทยาเขตหลัก,112,อัตราการจบการศึกษา ร้อยละ 80 ของนักศึกษาปีการศึกษา 2567,ร้อยละ 90 ของผู้จบการศึกษา,,35,25,8,0
มหาวิทยาลัยนราธิวาสราชนครินทร์,วิศวกรรมอุตสาหการ,วิศวกรรมอุตสาหการ,Bachelor of Engineering Program in Industrial Engineering,ภาษาไทย ปกติ,วิทยาเขตหลัก,112,อัตราการจบการศึกษา ร้อยละ 80 ของนักศึกษาปีการศึกษา 2567,ร้อยละ 90 ของผู้จบการศึกษา,,10,30,21,36
มหาวิทยาลัยนเรศวร,วิศวกรรมคอมพิวเตอร์,หลักสูตรวิศวกรรมศาสตรบัณฑิต สาขาวิชาวิศวกรรมคอมพิวเตอร์,Bachelor of Engineering Program in Computer Engineering,ภาษาไทย ปกติ,วิทยาเขตหลัก,160,-,-,-,30,25,50,10
มหาวิทยาลัยนเรศวร,วิศวกรรมเคมี,หลักสูตรวิศวกรรมศาสตรบัณฑิต สาขาวิชาวิศวกรรมเคมี,Bachelor of Engineering Program in Chemical Engineering,ภาษาไทย ปกติ,วิทยาเขตหลัก,160,-,-,-,20,30,45,15
มหาวิทยาลัยนเรศวร,วิศวกรรมเครื่องกล,หลักสูตรวิศวกรรมศาสตรบัณฑิต สาขาวิชาวิศวกรรมเครื่องกล,Bachelor of Engineering Program in Mechanical Engineering,ภาษาไทย ปกติ,วิทยาเขตหลัก,160,-,-,-,20,50,60,0
มหาวิทยาลัยนเรศวร,วิศวกรรมไฟฟ้า,หลักสูตรวิศวกรรมศาสตรบัณฑิต สาขาวิชาวิศวกรรมไฟฟ้า,Bachelor of Engineering Program in Electrical Engineering,ภาษาไทย ปกติ,วิทยาเขตหลัก,160,-,-,-,10,20,60,10
มหาวิทยาลัยนเรศวร,วิศวกรรมไฟฟ้า,หลักสูตรวิศวกรรมศาสตรบัณฑิต สาขาวิชาวิศวกรรมไฟฟ้า,Bachelor of Engineering Program in Electrical Engineering,ภาษาไทย ปกติ,วิทยาเขตหลัก,160,-,-,-,10,10,30,10
มหาวิทยาลัยนเรศวร,วิศวกรรมโยธา,หลักสูตรวิศวกรรมศาสตรบัณฑิต สาขาวิชาวิศวกรรมโยธา,Bachelor of Engineering Program in Civil Engineering,ภาษาไทย ปกติ,วิทยาเขตหลัก,160,-,-,-,10,70,55,8
มหาวิทยาลัยนเรศวร,วิศวกรรมวัสดุ,หลักสูตรวิศวกรรมศาสตรบัณฑิต สาขาวิชาวิศวกรรมวัสดุ,Bachelor of Engineering Program in Materials Engineering,ภาษาไทย ปกติ,วิทยาเขตหลัก,160,-,-,-,30,20,40,10
มหาวิทยาลัยนเรศวร,วิศวกรรมสิ่งแวดล้อม,หลักสูตรวิศวกรรมศาสตรบัณฑิต สาขาวิชาวิศวกรรมสิ่งแวดล้อม,Bachelor of Engineering Program in Environmental Engineering,ภาษาไทย ปกติ,วิทยาเขตหลัก,160,-,-,-,15,20,40,0
มหาวิทยาลัยนเรศวร,วิศวกรรมอุตสาหการ,หลักสูตรวิศวกรรมศาสตรบัณฑิต สาขาวิชาวิศวกรรมอุตสาหการ,Bachelor of Engineering Program in Industrial Engineering,ภาษาไทย ปกติ,วิทยาเขตหลัก,160,-,-,-,30,30,60,15
มหาวิทยาลัยนเรศวร,วิศวกรรมเชิงนวัตกรรม,หลักสูตรวิศวกรรมศาสตรบัณฑิต สาขาวิชาวิศวกรรมนวัตกรรมอัจฉริยะ (หลักสูตรภาษาอังกฤษ),Bachelor of Engineering Program in Intelligent Innovation Engineering (English Program),ภาษาไทย ปกติ,วิทยาเขตหลัก,400,-,-,-,20,20,30,20
มหาวิทยาลัยบูรพา,วิศวกรรมเคมี,หลักสูตรวิศวกรรมศาสตรบัณฑิต (วศ.บ.) สาขาวิชาวิศวกรรมเคมี ภาคปกติ,Bachelor of Engineering Program in Chemical Engineering,ภาษาไทย ปกติ,หลัก,,,,,48,0,0,0
มหาวิทยาลัยบูรพา,วิศวกรรมเคมี,หลักสูตรวิศวกรรมศาสตรบัณฑิต (วศ.บ.) สาขาวิชาวิศวกรรมเคมี ภาคปกติ (รูปแบบที่ 1),Bachelor of Engineering Program in Chemical Engineering,ภาษาไทย ปกติ,หลัก,,,,,0,30,30,0
มหาวิทยาลัยบูรพา,วิศวกรรมเคมี,หลักสูตรวิศวกรรมศาสตรบัณฑิต (วศ.บ.) สาขาวิชาวิศวกรรมเคมี ภาคปกติ (รูปแบบที่ 2),Bachelor of Engineering Program in Chemical Engineering,ภาษาไทย ปกติ,หลัก,,,,,0,30,29,0
มหาวิทยาลัยบูรพา,วิศวกรรมเครื่องกล,หลักสูตรวิศวกรรมศาสตรบัณฑิต (วศ.บ.) สาขาวิชาวิศวกรรมเครื่องกล ภาคปกติ,Bachelor of Engineering Program in Mechanical Engineering,ภาษาไทย ปกติ,หลัก,,,,,60,50,36,0
มหาวิทยาลัยบูรพา,วิศวกรรมไฟฟ้า,หลักสูตรวิศวกรรมศาสตรบัณฑิต (วศ.บ.) สาขาวิชาวิศวกรรมไฟฟ้า ภาคปกติ,Bachelor of Engineering Program in Electrical Engineering,ภาษาไทย ปกติ,หลัก,,,,,39,40,26,0
มหาวิทยาลัยบูรพา,วิศวกรรมโยธา,หลักสูตรวิศวกรรมศาสตรบัณฑิต (วศ.บ.) สาขาวิชาวิศวกรรมโยธา ภาคปกติ,Bachelor of Engineering Program in Civil Engineering,ภาษาไทย ปกติ,หลัก,,,,,60,50,45,0
มหาวิทยาลัยบูรพา,วิศวกรรมวัสดุ,หลักสูตรวิศวกรรมศาสตรบัณฑิต (วศ.บ.) สาขาวิชาวิศวกรรมวัสดุ ภาคปกติ,Bachelor of Engineering Program in Materials Engineering,ภาษาไทย ปกติ,หลัก,,,,,93,60,153,0
มหาวิทยาลัยบูรพา,วิศวกรรมสิ่งแวดล้อม,หลักสูตรวิศวกรรมศาสตรบัณฑิต (วศ.บ.) สาขาวิชาวิศวกรรมสิ่งแวดล้อม ภาคปกติ,Bachelor of Engineering Program in Environmental Engineering,ภาษาไทย ปกติ,หลัก,,,,,23,0,0,0
มหาวิทยาลัยบูรพา,วิศวกรรมสิ่งแวดล้อม,หลักสูตรวิศวกรรมศาสตรบัณฑิต (วศ.บ.) สาขาวิชาวิศวกรรมสิ่งแวดล้อม ภาคปกติ (รูปแบบที่ 1),Bachelor of Engineering Program in Environmental Engineering,ภาษาไทย ปกติ,หลัก,,,,,0,25,24,0
มหาวิทยาลัยบูรพา,วิศวกรรมสิ่งแวดล้อม,หลักสูตรวิศวกรรมศาสตรบัณฑิต (วศ.บ.) สาขาวิชาวิศวกรรมสิ่งแวดล้อม ภาคปกติ (รูปแบบที่ 2),Bachelor of Engineering Program in Environmental Engineering,ภาษาไทย ปกติ,หลัก,,,,,0,25,23,0
มหาวิทยาลัยบูรพา,วิศวกรรมอิเล็กทรอนิกส์,หลักสูตรวิศวกรรมศาสตรบัณฑิต (วศ.บ.) สาขาวิชาวิศวกรรมระบบสมองกลฝังตัวและอิเล็กทรอนิกส์สื่อสาร ภาคปกติ,Bachelor of Engineering Program in Embedded Systems Engineering and Electronic Communication Engineering,ภาษาไทย ปกติ,หลัก,,,,,33,60,48,0
มหาวิทยาลัยบูรพา,วิศวกรรมอุตสาหการ,หลักสูตรวิศวกรรมศาสตรบัณฑิต (วศ.บ.) สาขาวิชาวิศวกรรมอุตสาหการ ภาคปกติ,Bachelor of Engineering Program in Industrial Engineering,ภาษาไทย ปกติ,หลัก,,,,,50,60,51,0
มหาวิทยาลัยพะเยา,วิศวกรรมเครื่องกล,หลักสูตรวิศวกรรมศาสตรบัณฑิต สาขาวิชาวิศวกรรมเครื่องกล,Bachelor of Engineering Program in Mechanical Engineering,ภาษาไทย ปกติ,วิทยาเขตหลัก,64,,,,60,50,30,0
มหาวิทยาลัยพะเยา,วิศวกรรมไฟฟ้า,หลักสูตรวิศวกรรมศาสตรบัณฑิต สาขาวิชาวิศวกรรมไฟฟ้า,Bachelor of Engineering Program in Electrical Engineering,ภาษาไทย ปกติ,วิทยาเขตหลัก,64,,,,50,20,20,0
มหาวิทยาลัยพะเยา,วิศวกรรมโยธา,หลักสูตรวิศวกรรมศาสตรบัณฑิต สาขาวิชาวิศวกรรมโยธา,Bachelor of Engineering Program in Civil Engineering,ภาษาไทย ปกติ,วิทยาเขตหลัก,64,,,,60,10,10,0
มหาวิทยาลัยพะเยา,วิศวกรรมอุตสาหการ,หลักสูตรวิศวกรรมศาสตรบัณฑิต สาขาวิชาวิศวกรรมอุตสาหการ,Bachelor of Engineering Program in Industrial Engineering,ภาษาไทย ปกติ,วิทยาเขตหลัก,64,,,,50,50,30,0
มหาวิทยาลัยมหิดล,วิศวกรรมคอมพิวเตอร์,หลักสูตรวิศวกรรมศาสตรบัณฑิต สาขาวิชาวิศวกรรมคอมพิวเตอร์,Bachelor of Engineering Program in Computer Engineering,ภาษาไทย ปกติ,ศาลายา,300,อัตราการจบการศึกษา ร้อยละ 75.68 ของนักศึกษาปีการศึกษา 2566,ร้อยละ 83.78 ของผู้จบการศึกษา,"31,000 บาท",25,10,35,0
มหาวิทยาลัยมหิดล,วิศวกรรมเคมี,หลักสูตรวิศวกรรมศาสตรบัณฑิต สาขาวิชาวิศวกรรมเคมี,Bachelor of Engineering Program in Chemical Engineering,ภาษาไทย ปกติ,ศาลายา,300,อัตราการจบการศึกษา ร้อยละ 84.09 ของนักศึกษาปีการศึกษา 2566,ร้อยละ 63.64 ของผู้จบการศึกษา,"22,000 บาท",35,20,5,0
มหาวิทยาลัยมหิดล,วิศวกรรมเคมี,หลักสูตรวิศวกรรมศาสตรบัณฑิต สาขาวิชาวิศวกรรมเคมี (หลักสูตรนานาชาติ),Bachelor of Engineering Program in Chemical Engineering (International Program),นานาชาติ,ศาลายา,750,อัตราการจบการศึกษา ร้อยละ 50 ของนักศึกษาปีการศึกษา 2566,ร้อยละ 63.64 ของผู้จบการศึกษา,"22,000 บาท",20,20,15,15
มหาวิทยาลัยมหิดล,วิศวกรรมเครื่องกล,หลักสูตรวิศวกรรมศาสตรบัณฑิต สาขาวิชาวิศวกรรมเครื่องกล,Bachelor of Engineering Program in Mechanical Engineering,ภาษาไทย ปกติ,ศาลายา,300,อัตราการจบการศึกษา ร้อยละ 77.78 ของนักศึกษาปีการศึกษา 2566,ร้อยละ 62.96 ของผู้จบการศึกษา,"22,000 บาท",40,20,10,0
มหาวิทยาลัยมหิดล,วิศวกรรมชีวการแพทย์,หลักสูตรวิศวกรรมศาสตรบัณฑิต สาขาวิชาวิศวกรรมชีวการแพทย์ (หลักสูตรนานาชาติ),Bachelor of Engineering Program in Biomedical Engineering (International Program),นานาชาติ,ศาลายา,750,อัตราการจบการศึกษา ร้อยละ 89.58 ของนักศึกษาปีการศึกษา 2566,ร้อยละ 65.85 ของผู้จบการศึกษา,"30,000 บาท",40,0,5,0
มหาวิทยาลัยมหิดล,วิศวกรรมไฟฟ้า,หลักสูตรวิศวกรรมศาสตรบัณฑิต สาขาวิชาวิศวกรรมไฟฟ้า,Bachelor of Engineering Program in Electrical Engineering,ภาษาไทย ปกติ,ศาลายา,300,อัตราการจบการศึกษา ร้อยละ 77.78 ของนักศึกษาปีการศึกษา 2566,ร้อยละ 67.86 ของผู้จบการศึกษา,"25,000 บาท",14,10,25,0
มหาวิทยาลัยมหิดล,วิศวกรรมโยธา,หลักสูตรวิศวกรรมศาสตรบัณฑิต สาขาวิชาวิศวกรรมโยธา,Bachelor of Engineering Program in Civil Engineering,ภาษาไทย ปกติ,ศาลายา,300,อัตราการจบการศึกษา ร้อยละ 79.63ของนักศึกษาปีการศึกษา 2566,ร้อยละ 63.27 ของผู้จบการศึกษา,"20,000 บาท",30,8,45,0
มหาวิทยาลัยมหิดล,วิศวกรรมอุตสาหการ,หลักสูตรวิศวกรรมศาสตรบัณฑิต สาขาวิชาวิศวกรรมอุตสาหการ,Bachelor of Engineering (Industrial Engineering),ภาษาไทย ปกติ,ศาลายา,300,อัตราการจบการศึกษา ร้อยละ 90.32ของนักศึกษาปีการศึกษา 2566,ร้อยละ 59.68 ของผู้จบการศึกษา,"22,500 บาท",35,15,10,0
มหาวิทยาลัยมหิดล,วิศวกรรมอุตสาหการ,หลักสูตรวิศวกรรมศาสตรบัณฑิต สาขาวิชาวิศวกรรมอุตสาหการ (หลักสูตรนานาชาติ),Bachelor of Engineering Program in Industrial Engineering (International Program),นานาชาติ,ศาลายา,750,อัตราการจบการศึกษา ร้อยละ 87.10 ของนักศึกษาปีการศึกษา 2566,ร้อยละ 59.68 ของผู้จบการศึกษา,"22,500 บาท",20,20,15,0
มหาวิทยาลัยมหาสารคาม,วิศวกรรมทั่วไป,วศ.บ. วิศวกรรมศาสตร์,B.Eng. Engineering,ภาษาไทย ปกติ,มหาสารคาม,150,,,,341,217,70,30
มหาวิทยาลัยแม่โจ้,เทคโนโลยีการอาหาร,วิทยาศาสตร์และเทคโนโลยีการอาหาร,Food Science and Technology,ภาษาไทย ปกติ,วิทยาเขตเชียงใหม่,,,,,40,15,50,0
มหาวิทยาลัยแม่โจ้,เทคโนโลยีอุตสาหการ การผลิต,เทคโนโลยีหลังการเก็บเกี่ยว,Postharvest Technology,ภาษาไทย ปกติ,วิทยาเขตเชียงใหม่,,,,,20,10,100,11
มหาวิทยาลัยแม่โจ้,เทคโนโลยีพอลิเมอร์,เทคโนโลยียางและพอลิเมอร์,Ruber and Polymer Technology,ภาษาไทย ปกติ,วิทยาเขตเชียงใหม่,,,,,20,10,100,21
มหาวิทยาลัยแม่โจ้,วิศวกรรมเกษตร,วิศวกรรมเกษตร,Agricultural Engineering,ภาษาไทย ปกติ,วิทยาเขตเชียงใหม่,,,,,35,20,50,0
มหาวิทยาลัยแม่โจ้,วิศวกรรมอาหาร,วิศวกรรมอาหาร,Food Engineering,ภาษาไทย ปกติ,วิทยาเขตเชียงใหม่,,,,,30,15,50,0
มหาวิทยาลัยรามคำแหง,วิศวกรรมคอมพิวเตอร์,หลักสูตรวิศวกรรมศาสตรบัณฑิต สาขาวิชาวิศวกรรมคอมพิวเตอร์ (วศ.บ. (วิศวกรรมคอมพิวเตอร์)),Bechelor of Engineering Program in Computer Engineering (B. Eng. (Computer Engineering)),ภาษาไทย ปกติ,วิทยาเขตหลักหัวหมาก,330,90% - 96%,98%,"ประมาณ 25,000.-",20,20,80,20
มหาวิทยาลัยรามคำแหง,วิศวกรรมพลังงาน,หลักสูตรวิศวกรรมศาสตรบัณฑิต สาขาวิชาวิศวกรรมพลังงาน (วศ.บ. (วิศวกรรมพลังงาน)),Bechelor of Engineering Program in Energy Engineering (B. Eng. (Energy Engineering)),ภาษาไทย ปกติ,วิทยาเขตหลักหัวหมาก,330,90% - 95%,96%,"ประมาณ 25,000.-",15,15,40,40
มหาวิทยาลัยรามคำแหง,วิศวกรรมโยธา,หลักสูตรวิศวกรรมศาสตรบัณฑิต สาขาวิชาวิศวกรรมโยธา (วศ.บ. (วิศวกรรมโยธา)),Bechelor of Engineering Program in Civil Engineering (B. Eng. (Civil Engineering)),ภาษาไทย ปกติ,วิทยาเขตหลักหัวหมาก,330,90% - 95%,98%,"ประมาณ 25,000.-",25,25,65,35
มหาวิทยาลัยรามคำแหง,วิศวกรรมสิ่งแวดล้อม,หลักสูตรวิศวกรรมศาสตรบัณฑิต สาขาวิชาวิศวกรรมสิ่งแวดล้อมและความปลอดภัย(วศ.บ. (วิศวกรรมสิ่งแวดล้อมและความปลอดภัย)),Bechelor of Engineering Program in Environmental Engineering (B. Eng. (Environmental Engineering)),ภาษาไทย ปกติ,วิทยาเขตหลักหัวหมาก,330,90% - 96%,97%,"ประมาณ 25,000.-",15,15,40,40
มหาวิทยาลัยรามคำแหง,วิศวกรรมอุตสาหการ,หลักสูตรวิศวกรรมศาสตรบัณฑิต สาขาวิชาวิศวกรรมอุตสาหการ (วศ.บ. (วิศวกรรมอุตสาหการ)),Bechelor of Engineering Program in Industrial Engineering (B. Eng. (Industrial Engineering)),ภาษาไทย ปกติ,วิทยาเขตหลักหัวหมาก,330,90% - 95%,96%,"ประมาณ 25,000.-",15,15,40,40
มหาวิทยาลัยวลัยลักษณ์,วิศวกรรมคอมพิวเตอร์,วิศวกรรมศาสตรบัณฑิต สาขาวิศวกรรมคอมพิวเตอร์และปัญญาประดิษฐ์,Bachelor of Engineering Program in Computer Engineering and Artificial Intelligence,ภาษาไทย ปกติ,วิทยาเขตหลัก,327,,,,70,40,5,1
มหาวิทยาลัยวลัยลักษณ์,วิศวกรรมเคมี,วิศวกรรมศาสตรบัณฑิต สาขาวิชาวิศวกรรมเคมีและเคมีเภสัชกรรม,Bachelor of Engineering Program in Chemical Engineering and Pharmaceutical Chemistry,ภาษาไทย ปกติ,วิทยาเขตหลัก,327,,,,50,60,30,60
มหาวิทยาลัยวลัยลักษณ์,วิศวกรรมเครื่องกล,วิศวกรรมศาสตรบัณฑิต สาขาวิชาวิศวกรรมเครื่องกลและหุ่นยนต์,Bachelor of Mechanical and Robotic Engineering,ภาษาไทย ปกติ,วิทยาเขตหลัก,327,,,,45,45,45,1
มหาวิทยาลัยวลัยลักษณ์,วิศวกรรมปิโตรเลียม,วิศวกรรมศาสตรบัณฑิต สาขาวิศวกรรมปิโตรเคมีและพอลิเมอร์,Bachelor of Engineering (Petrochemical and Polymer Engineering),ภาษาไทย ปกติ,วิทยาเขตหลัก,327,,,,50,50,50,20
มหาวิทยาลัยวลัยลักษณ์,วิศวกรรมไฟฟ้า,วิศวกรรมศาสตรบัณฑิต สาขาวิศวกรรมไฟฟ้า,Bachelor of Engineering Program in Electrical Engineering,ภาษาไทย ปกติ,วิทยาเขตหลัก,327,,,,70,70,30,20
มหาวิทยาลัยวลัยลักษณ์,วิศวกรรมโยธา,วิศวกรรมศาสตรบัณฑิต สาขาวิศวกรรมโยธา,Bachelor of Engineering Program in Civil Engineering,ภาษาไทย ปกติ,วิทยาเขตหลัก,327,,,,50,40,10,1
มหาวิทยาลัยศรีนครินทรวิโรฒ,วิศวกรรมคอมพิวเตอร์,หลักสูตรวิศวกรรมศาสตรบัณฑิต สาขาวิชาวิศวกรรมคอมพิวเตอร์,Bachelor of Engineering Program in Computer Engineering,ภาษาไทย ปกติ,องครักษ์,250,อัตราการจบการศึกษา ร้อยละ 89.36 ของนักศึกษาปีการศึกษา 2565,,,38,7,15,0
มหาวิทยาลัยศรีนครินทรวิโรฒ,วิศวกรรมคอมพิวเตอร์,หลักสูตรวิศวกรรมศาสตรบัณฑิต สาขาวิชาวิศวกรรมคอนเสิร์ตและมัลติมีเดีย (หลักสูตรนานาชาติ),Bachelor of Engineering Program in Concert Engineering and Multimedia (International Program),Double Degree - นานาชาติ ปกติ,องครักษ์,800,อัตราการจบการศึกษา ร้อยละ 70 ของนักศึกษาปีการศึกษา 2565,,,12,2,17,16
มหาวิทยาลัยศรีนครินทรวิโรฒ,วิศวกรรมเคมี,หลักสูตรวิศวกรรมศาสตรบัณฑิต สาขาวิชาวิศวกรรมเคมี,Bachelor of Engineering Program in Chemical Engineering,ภาษาไทย ปกติ,องครักษ์,250,อัตราการจบการศึกษา ร้อยละ 78 ของนักศึกษาปีการศึกษา 2565,,,40,5,12,0
มหาวิทยาลัยศรีนครินทรวิโรฒ,วิศวกรรมเครื่องกล,หลักสูตรวิศวกรรมศาสตรบัณฑิต สาขาวิชาวิศวกรรมเครื่องกล,Bachelor of Engineering Program in Mechanical Engineering,ภาษาไทย ปกติ,องครักษ์,250,อัตราการจบการศึกษา ร้อยละ 90.77 ของนักศึกษาปีการศึกษา 2565,,,60,10,26,0
มหาวิทยาลัยศรีนครินทรวิโรฒ,วิศวกรรมชีวการแพทย์,หลักสูตรวิศวกรรมศาสตรบัณฑิต สาขาวิชาวิศวกรรมชีวการแพทย์,Bachelor of Engineering Program in Biomedical Engineering,ภาษาไทย ปกติ,องครักษ์,250,อัตราการจบการศึกษา ร้อยละ 77.78 ของนักศึกษาปีการศึกษา 2565,,,30,10,36,70
มหาวิทยาลัยศรีนครินทรวิโรฒ,วิศวกรรมซอฟต์แวร์,หลักสูตรวิศวกรรมศาสตรบัณฑิต สาขาวิชาวิศวกรรมด้านความปลอดภัยไซเบอร์ (หลักสูตรนานาชาติ),Bachelor of Engineering Program in Cyber Security Engineering (International program),Double Degree - นานาชาติ ปกติ,องครักษ์,800,,,,12,2,17,16
มหาวิทยาลัยศรีนครินทรวิโรฒ,วิศวกรรมไฟฟ้า,หลักสูตรวิศวกรรมศาสตรบัณฑิต สาขาวิชาวิศวกรรมไฟฟ้า,Bachelor of Engineering Program in Electrical Engineering,ภาษาไทย ปกติ,องครักษ์,250,อัตราการจบการศึกษา ร้อยละ 86.96 ของนักศึกษาปีการศึกษา 2565,,,30,5,13,4
มหาวิทยาลัยศรีนครินทรวิโรฒ,วิศวกรรมไฟฟ้า,หลักสูตรวิศวกรรมศาสตรบัณฑิต สาขาวิชาวิศวกรรมไฟฟ้า,Bachelor of Engineering Program in Electrical Engineering,ภาษาไทย ปกติ,องครักษ์,250,อัตราการจบการศึกษา ร้อยละ 88.57 ของนักศึกษาปีการศึกษา 2565,,,30,5,34,0
มหาวิทยาลัยศรีนครินทรวิโรฒ,วิศวกรรมโยธา,หลักสูตรวิศวกรรมศาสตรบัณฑิต สาขาวิชาวิศวกรรมโยธา,Bachelor of Engineering Program in Civil Engineering,ภาษาไทย ปกติ,องครักษ์,250,อัตราการจบการศึกษา ร้อยละ 54 ของนักศึกษาปีการศึกษา 2565,,,30,10,21,0
มหาวิทยาลัยศรีนครินทรวิโรฒ,วิศวกรรมโลจิสติกส์,หลักสูตรวิศวกรรมศาสตรบัณฑิต สาขาวิชาวิศวกรรมโลจิสติกส์ (หลักสูตร 2 ภาษา),Bachelor of Engineering Program in Logistics Engineering,สองภาษา/สามภาษา,องครักษ์,400,อัตราการจบการศึกษา ร้อยละ 100 ของนักศึกษาปีการศึกษา 2565,,,40,5,43,12
มหาวิทยาลัยศรีนครินทรวิโรฒ,วิศวกรรมสิ่งแวดล้อม,หลักสูตรวิศวกรรมศาสตรบัณฑิต สาขาวิชาวิศวกรรมสิ่งแวดล้อม,Bachelor of Engineering Program in Environmental Engineering,ภาษาไทย ปกติ,องครักษ์,250,อัตราการจบการศึกษา ร้อยละ 66.67 ของนักศึกษาปีการศึกษา 2565,,,25,10,26,0
มหาวิทยาลัยศรีนครินทรวิโรฒ,วิศวกรรมอุตสาหการ,หลักสูตรวิศวกรรมศาสตรบัณฑิต สาขาวิชาวิศวกรรมอุตสาหการ,Bachelor of Engineering Program in Industrial Engineering,ภาษาไทย ปกติ,องครักษ์,250,อัตราการจบการศึกษา ร้อยละ 83.72 ของนักศึกษาปีการศึกษา 2565,,,40,5,18,0
มหาวิทยาลัยศิลปากร,เทคโนโลยีการอาหาร,หลักสูตรวิทยาศาสตรบัณฑิต (เทคโนโลยีอาหาร),B.Sc.(FoodTechnology),ภาษาไทย ปกติ,สนามจันทร์,152,,,,94,30,40,20
มหาวิทยาลัยศิลปากร,เทคโนโลยีการอาหาร,หลักสูตรวิทยาศาสตรบัณฑิต (เทคโนโลยีอาหาร),B.Sc.(FoodTechnology),ภาษาไทย พิเศษ,สนามจันทร์,280,,,,10,5,5,20
มหาวิทยาลัยศิลปากร,เทคโนโลยีชีวภาพ,หลักสูตรวิทยาศาสตรบัณฑิต (เทคโนโลยีชีวภาพ),B.Sc.(Biotechnology),ภาษาไทย ปกติ,สนามจันทร์,152,,,,114,35,30,20
มหาวิทยาลัยศิลปากร,เทคโนโลยีชีวภาพ,หลักสูตรวิทยาศาสตรบัณฑิต (เทคโนโลยีชีวภาพ),B.Sc.(Biotechnology),ภาษาไทย พิเศษ,สนามจันทร์,280,,,,10,5,5,5
มหาวิทยาลัยศิลปากร,วิศวกรรมกระบวนการชีวภาพ,หลักสูตรวิศวกรรมศาสตรบัณฑิต (วิศวกรรมกระบวนการชีวภาพ),B.Eng.(BioprocessEngineering),ภาษาไทย ปกติ,สนามจันทร์,152,,,,114,35,30,20
มหาวิทยาลัยศิลปากร,วิศวกรรมกระบวนการชีวภาพ,หลักสูตรวิศวกรรมศาสตรบัณฑิต (วิศวกรรมกระบวนการชีวภาพ),B.Eng.(BioprocessEngineering),ภาษาไทย พิเศษ,สนามจันทร์,280,,,,10,5,5,5
มหาวิทยาลัยศิลปากร,วิศวกรรมเคมี,หลักสูตรวิศวกรรมศาสตรบัณฑิต (วิศวกรรมเคมี),B.Eng.(ChemicalEngineering),ภาษาไทย ปกติ,สนามจันทร์,152,,,,114,35,20,0
มหาวิทยาลัยศิลปากร,วิศวกรรมเคมี,หลักสูตรวิศวกรรมศาสตรบัณฑิต (วิศวกรรมเคมี),B.Eng.(ChemicalEngineering),ภาษาไทย พิเศษ,สนามจันทร์,280,,,,30,15,10,10
มหาวิทยาลัยศิลปากร,วิศวกรรมเครื่องกล,หลักสูตรวิศวกรรมศาสตรบัณฑิต (วิศวกรรมเครื่องกล),B.Eng.(MechanicalEngineering),ภาษาไทย ปกติ,สนามจันทร์,152,,,,194,80,30,0
มหาวิทยาลัยศิลปากร,วิศวกรรมเครื่องกล,หลักสูตรวิศวกรรมศาสตรบัณฑิต (วิศวกรรมเครื่องกล),B.Eng.(MechanicalEngineering),ภาษาไทย พิเศษ,สนามจันทร์,280,,,,80,20,0,10
มหาวิทยาลัยศิลปากร,วิศวกรรมไฟฟ้าสื่อสาร วิศวกรรมโทรคมนาคม,หลักสูตรวิศวกรรมศาสตรบัณฑิต (วิศวกรรมไฟฟ้าสื่อสาร),B.Eng.(ElectricalCommunicationsEngineering),ภาษาไทย ปกติ,สนามจันทร์,152,,,,84,20,15,0
มหาวิทยาลัยศิลปากร,วิศวกรรมไฟฟ้าสื่อสาร วิศวกรรมโทรคมนาคม,หลักสูตรวิศวกรรมศาสตรบัณฑิต (วิศวกรรมไฟฟ้าสื่อสาร),B.Eng.(ElectricalCommunicationsEngineering),ภาษาไทย พิเศษ,สนามจันทร์,280,,,,20,10,15,5
มหาวิทยาลัยศิลปากร,วิศวกรรมโลจิสติกส์,หลักสูตรวิศวกรรมศาสตรบัณฑิต (วิศวกรรมการจัดการและโลจิสติกส์),B.Eng.(ManagementEngineeringandLogistics),ภาษาไทย ปกติ,สนามจันทร์,152,,,,79,25,20,0
มหาวิทยาลัยศิลปากร,วิศวกรรมโลจิสติกส์,หลักสูตรวิศวกรรมศาสตรบัณฑิต (วิศวกรรมการจัดการและโลจิสติกส์),B.Eng.(ManagementEngineeringandLogistics),ภาษาไทย พิเศษ,สนามจันทร์,280,,,,10,5,0,10
มหาวิทยาลัยศิลปากร,วิศวกรรมวัสดุ,หลักสูตรวิศวกรรมศาสตรบัณฑิต (วิศวกรรมวัสดุและนาโนเทคโนโลยี),B.Eng.(MaterialsEngineeringandNanotechnology),ภาษาไทย ปกติ,สนามจันทร์,152,,,,194,100,40,20
มหาวิทยาลัยศิลปากร,วิศวกรรมวัสดุ,หลักสูตรวิศวกรรมศาสตรบัณฑิต (วิศวกรรมวัสดุและนาโนเทคโนโลยี),B.Eng.(MaterialsEngineeringandNanotechnology),ภาษาไทย พิเศษ,สนามจันทร์,280,,,,100,20,10,10
มหาวิทยาลัยศิลปากร,วิศวกรรมวัสดุ,หลักสูตรวิศวกรรมศาสตรบัณฑิต (ปิโตรเคมีและวัสดุพอลิเมอร์),B.Eng.(PetrochemicalsandPolymericMaterials),ภาษาไทย ปกติ,สนามจันทร์,152,,,,199,30,15,5
มหาวิทยาลัยศิลปากร,วิศวกรรมวัสดุ,หลักสูตรวิศวกรรมศาสตรบัณฑิต (ปิโตรเคมีและวัสดุพอลิเมอร์),B.Eng.(PetrochemicalsandPolymericMaterials),ภาษาไทย พิเศษ,สนามจันทร์,280,,,,35,10,5,5
มหาวิทยาลัยศิลปากร,วิศวกรรมอิเล็กทรอนิกส์,หลักสูตรวิศวกรรมศาสตรบัณฑิต (วิศวกรรมอิเล็กทรอนิกส์และระบบคอมพิวเตอร์),B.Eng.(ElectronicsandComputerSystemEngineering),ภาษาไทย ปกติ,สนามจันทร์,152,,,,129,40,30,0
มหาวิทยาลัยศิลปากร,วิศวกรรมอิเล็กทรอนิกส์,หลักสูตรวิศวกรรมศาสตรบัณฑิต (วิศวกรรมอิเล็กทรอนิกส์และระบบคอมพิวเตอร์),B.Eng.(ElectronicsandComputerSystemEngineering),ภาษาไทย พิเศษ,สนามจันทร์,280,,,,20,10,20,5
มหาวิทยาลัยศิลปากร,วิศวกรรมอุตสาหการ,หลักสูตรวิศวกรรมศาสตรบัณฑิต (วิศวกรรมอุตสาหการ),B.Eng.(IndustrialEngineering),ภาษาไทย ปกติ,สนามจันทร์,152,,,,114,30,10,0
มหาวิทยาลัยศิลปากร,วิศวกรรมอุตสาหการ,หลักสูตรวิศวกรรมศาสตรบัณฑิต (วิศวกรรมอุตสาหการ),B.Eng.(IndustrialEngineering),ภาษาไทย พิเศษ,สนามจันทร์,280,,,,40,20,0,0
มหาวิทยาลัยศิลปากร,บริหารธุรกิจ,หลักสูตรเทคโนโลยีบัณฑิต (ธุรกิจวิศวกรรม),B.Tech.(EngineeringBusiness),ภาษาไทย ปกติ,สนามจันทร์,152,,,,194,80,40,0
มหาวิทยาลัยศิลปากร,บริหารธุรกิจ,หลักสูตรเทคโนโลยีบัณฑิต (ธุรกิจวิศวกรรม),B.Tech.(EngineeringBusiness),ภาษาไทย พิเศษ,สนามจันทร์,280,,,,80,20,0,10
มหาวิทยาลัยสงขลานครินทร์,วิศวกรรมทั่วไป,วศ.บ. วิศวกรรมศาสตร์,Bachelor of Engineering,ภาษาไทย ปกติ,หาดใหญ่,180,,,,596,175,75,10
มหาวิทยาลัยสงขลานครินทร์,วิศวกรรมการผลิต,วศ.บ. วิศวกรรมการผลิต,Bachelor of Engineering Program in Manufacturing Engineering,ภาษาไทย ปกติ,หาดใหญ่,180,,,,20,10,20,0
มหาวิทยาลัยสงขลานครินทร์,วิศวกรรมคอมพิวเตอร์,วศ.บ. วิศวกรรมคอมพิวเตอร์,Bachelor of Engineering Program in Computer Engineering,ภาษาไทย ปกติ,หาดใหญ่,180,,,,75,20,10,0
มหาวิทยาลัยสงขลานครินทร์,วิศวกรรมคอมพิวเตอร์,วศ.บ. วิศวกรรมปัญญาประดิษฐ์,Bachelor of Engineering Program in Artificial Intelligence Engineering,ภาษาไทย ปกติ,หาดใหญ่,280,,,,210,5,10,0
มหาวิทยาลัยสงขลานครินทร์,วิศวกรรมเคมี,วศ.บ. วิศวกรรมเคมี,Bachelor of Engineering Program in Chemical Engineering,ภาษาไทย ปกติ,หาดใหญ่,180,,,,25,30,10,0
มหาวิทยาลัยสงขลานครินทร์,วิศวกรรมเครื่องกล,วศ.บ. วิศวกรรมเครื่องกล,Bachelor of Engineering Program in Mechanical Engineering,ภาษาไทย ปกติ,หาดใหญ่,180,,,,50,20,10,0
มหาวิทยาลัยสงขลานครินทร์,วิศวกรรมเมคคาทรอนิกส์,วศ.บ. วิศวกรรมเมคาทรอนิกส์,Bachelor of Engineering Program in Mechatronics Engineering,ภาษาไทย ปกติ,หาดใหญ่,180,,,,15,15,5,0
มหาวิทยาลัยสงขลานครินทร์,วิศวกรรมสิ่งแวดล้อม,วศ.บ. วิศวกรรมสิ่งแวดล้อม,Bachelor of Engineering Program in Environmental Engineering,ภาษาไทย ปกติ,หาดใหญ่,180,,,,10,20,0,0
มหาวิทยาลัยสงขลานครินทร์,วิศวกรรมเหมืองแร่,วศ.บ. วิศวกรรมเหมืองแร่และวัสดุ,Bachelor of Engineering Program in Mining and Materials Engineering,ภาษาไทย ปกติ,หาดใหญ่,180,,,,40,20,15,0
มหาวิทยาลัยสงขลานครินทร์,วิศวกรรมอุตสาหการ,วศ.บ. วิศวกรรมอุตสาหการ,Bachelor of Engineering Program in Industrial Engineering,ภาษาไทย ปกติ,หาดใหญ่,180,,,,30,30,20,0
มหาวิทยาลัยสงขลานครินทร์,วิศวกรรมเชิงนวัตกรรม,วศ.บ. วิศวกรรมและการจัดการนวัตกรรม (หลักสูตรนานาชาติ),Bachelor of Engineering Program in Innovation Engineering and Management (International Program),นานาชาติ,หาดใหญ่,590,,,,250,60,10,20
มหาวิทยาลัยอุบลราชธานี,วิศวกรรมทั่วไป,"วิศวกรรมศาสตรบัณฑิต [สาขาวิชาวิศวกรรมเครื่องกล, สาขาวิชาวิศวกรรมอุตสาหการ, สาขาวิชาวิศวกรรมโยธา, สาขาวิชาวิศวกรรมไฟฟ้า, สาขาวิชาวิศวกรรมเคมีและสาขาวิชาวิศวกรรมสิ่งแวดล้อม (เลือกสาขาวิชาเมื่อขึ้นชั้นปีที่ 2)]",Bachelor of Engineering Program,ภาษาไทย ปกติ,วิทยาเขตหลัก,150,,,,450,400,150,0
มหาวิทยาลัยอุบลราชธานี,วิศวกรรมเมคคาทรอนิกส์,วิศวกรรมศาสตรบัณฑิต สาขาวิชาวิศวกรรมเมคคาทรอนิกส์และระบบอัตโนมัติ,Bachelor of Engineering Program,ภาษาไทย ปกติ,วิทยาเขตหลัก,250,,,,0,100,30,40
สถาบันเทคโนโลยีพระจอมเกล้าเจ้าคุณทหารลาดกระบัง,วิศวกรรมการเงิน,วศ.บ. วิศวกรรมการเงิน (หลักสูตรนานาชาติ),B.Eng. Financial Engineering (International Program),Double Degree - นานาชาติ พิเศษ,ลาดกระบัง,120,อัตราการจบการศึกษา ร้อยละ 85 ของนักศึกษา ปีการศึกษา 2565,ไม่ระบุ,ไม่ระบุ,105,10,5,0
สถาบันเทคโนโลยีพระจอมเกล้าเจ้าคุณทหารลาดกระบัง,วิศวกรรมการผลิต,วศ.บ. วิศวกรรมการผลิตเชิงบูรณาการ,B.Eng. Integrated Production Engineering,ภาษาไทย ปกติ,ลาดกระบัง,370,ไม่ระบุ,ไม่ระบุ,ไม่ระบุ,55,3,0,3
สถาบันเทคโนโลยีพระจอมเกล้าเจ้าคุณทหารลาดกระบัง,วิศวกรรมเกษตร,วศ.บ. วิศวกรรมเกษตรอัจฉริยะ,B.Eng. Agri-Intelligence Engineering,ภาษาไทย ปกติ,ลาดกระบัง,250,ไม่ระบุ,ไม่ระบุ,ไม่ระบุ,65,20,10,0
สถาบันเทคโนโลยีพระจอมเกล้าเจ้าคุณทหารลาดกระบัง,วิศวกรรมคอมพิวเตอร์,วศ.บ. วิศวกรรมคอมพิวเตอร์,B.Eng. Computer Engineering,ภาษาไทย ปกติ,ลาดกระบัง,250,อัตราการจบการศึกษา ร้อยละ 87.78 ของนักศึกษา ปีการศึกษา 2565,ไม่ระบุ,ไม่ระบุ,85,40,20,0
สถาบันเทคโนโลยีพระจอมเกล้าเจ้าคุณทหารลาดกระบัง,วิศวกรรมคอมพิวเตอร์,วศ.บ. วิศวกรรมคอมพิวเตอร์ (หลักสูตรนานาชาติ),B.Eng. Computer Engineering (International Program),นานาชาติ,ลาดกระบัง,900,ไม่ระบุ,ไม่ระบุ,ไม่ระบุ,85,10,5,10
สถาบันเทคโนโลยีพระจอมเกล้าเจ้าคุณทหารลาดกระบัง,วิศวกรรมเคมี,วศ.บ. วิศวกรรมเคมี,B.Eng. Chemical Engineering,ภาษาไทย ปกติ,ลาดกระบัง,250,อัตราการจบการศึกษา ร้อยละ 83.01 ของนักศึกษา ปีการศึกษา 2565,ไม่ระบุ,ไม่ระบุ,95,20,10,0
สถาบันเทคโนโลยีพระจอมเกล้าเจ้าคุณทหารลาดกระบัง,วิศวกรรมเคมี,วศ.บ. วิศวกรรมเคมี (หลักสูตรนานาชาติ),B.Eng. Chemical Engineering (International Program),นานาชาติ,ลาดกระบัง,900,อัตราการจบการศึกษา ร้อยละ 84.61 ของนักศึกษา ปีการศึกษา 2565,ไม่ระบุ,ไม่ระบุ,80,8,0,30
สถาบันเทคโนโลยีพระจอมเกล้าเจ้าคุณทหารลาดกระบัง,วิศวกรรมเครื่องกล,วศ.บ. วิศวกรรมเครื่องกล,B.Eng. Mechanical Engineering,ภาษาไทย ปกติ,ลาดกระบัง,250,อัตราการจบการศึกษา ร้อยละ 78.57 ของนักศึกษา ปีการศึกษา 2565,ไม่ระบุ,ไม่ระบุ,75,15,5,0
สถาบันเทคโนโลยีพระจอมเกล้าเจ้าคุณทหารลาดกระบัง,วิศวกรรมเครื่องกล,วศ.บ. วิศวกรรมขนส่งทางราง,B.Eng. Rail Transportation Engineering,ภาษาไทย ปกติ,ลาดกระบัง,250,อัตราการจบการศึกษา ร้อยละ 90.48 ของนักศึกษา ปีการศึกษา 2565,ไม่ระบุ,ไม่ระบุ,70,10,5,0
สถาบันเทคโนโลยีพระจอมเกล้าเจ้าคุณทหารลาดกระบัง,วิศวกรรมเครื่องกล,วศ.บ. วิศวกรรมเครื่องกล (หลักสูตรนานาชาติ),B.Eng. Mechanical Engineering (International Program),นานาชาติ,ลาดกระบัง,900,อัตราการจบการศึกษา ร้อยละ 90.9 ของนักศึกษา ปีการศึกษา 2565,ไม่ระบุ,ไม่ระบุ,85,10,0,0
สถาบันเทคโนโลยีพระจอมเกล้าเจ้าคุณทหารลาดกระบัง,วิศวกรรมชีวการแพทย์,วศ.บ. วิศวกรรมชีวการแพทย์ (หลักสูตรนานาชาติ),B.Eng. Biomedical Engineering (International Program),นานาชาติ,ลาดกระบัง,900,อัตราการจบการศึกษา ร้อยละ 73.33 ของนักศึกษา ปีการศึกษา 2565,ไม่ระบุ,ไม่ระบุ,95,10,5,10
สถาบันเทคโนโลยีพระจอมเกล้าเจ้าคุณทหารลาดกระบัง,วิศวกรรมซอฟต์แวร์,วศ.บ. วิศวกรรมซอฟต์แวร์ (หลักสูตรนานาชาติ),B.Eng. Software Engineering (International Program),นานาชาติ,ลาดกระบัง,900,อัตราการจบการศึกษา ร้อยละ 66.66 ของนักศึกษา ปีการศึกษา 2565,ไม่ระบุ,ไม่ระบุ,105,15,0,15
สถาบันเทคโนโลยีพระจอมเกล้าเจ้าคุณทหารลาดกระบัง,วิศวกรรมพลังงาน,วศ.บ. วิศวกรรมพลังงาน (หลักสูตรนานาชาติ),B.Eng. Energy Engineering (International Program),นานาชาติ,ลาดกระบัง,900,ไม่ระบุ,ไม่ระบุ,ไม่ระบุ,75,6,0,30
สถาบันเทคโนโลยีพระจอมเกล้าเจ้าคุณทหารลาดกระบัง,วิศวกรรมไฟฟ้า,วศ.บ. วิศวกรรมไฟฟ้า,B.Eng. Electrical Engineering,ภาษาไทย ปกติ,ลาดกระบัง,250,อัตราการจบการศึกษา ร้อยละ 95.65 ของนักศึกษา ปีการศึกษา 2565,ไม่ระบุ,ไม่ระบุ,135,42,20,0
สถาบันเทคโนโลยีพระจอมเกล้าเจ้าคุณทหารลาดกระบัง,วิศวกรรมไฟฟ้า,วศ.บ. วิศวกรรมไฟฟ้า (หลักสูตรนานาชาติ) แขนงไฟฟ้ากำลัง,B.Eng. Electrical Engineering - Electrical Power major (International Program),นานาชาติ,ลาดกระบัง,900,ไม่ระบุ,ไม่ระบุ,ไม่ระบุ,75,7,0,15
สถาบันเทคโนโลยีพระจอมเกล้าเจ้าคุณทหารลาดกระบัง,วิศวกรรมไฟฟ้า,วศ.บ. วิศวกรรมไฟฟ้า (หลักสูตรนานาชาติ) แขนงแมคคาทรอนิกส์,B.Eng. Electrical Engineering - Mechatronics major (International Program),นานาชาติ,ลาดกระบัง,900,ไม่ระบุ,ไม่ระบุ,ไม่ระบุ,75,6,0,0
สถาบันเทคโนโลยีพระจอมเกล้าเจ้าคุณทหารลาดกระบัง,วิศวกรรมไฟฟ้าสื่อสาร วิศวกรรมโทรคมนาคม,วศ.บ. วิศวกรรมไฟฟ้าสื่อสารและเครือข่าย,B.Eng. Communications and Network Engineering,ภาษาไทย ปกติ,ลาดกระบัง,250,ไม่ระบุ,ไม่ระบุ,ไม่ระบุ,95,20,10,0
สถาบันเทคโนโลยีพระจอมเกล้าเจ้าคุณทหารลาดกระบัง,วิศวกรรมเมคคาทรอนิกส์,วศ.บ. วิศวกรรมเมคคาทรอนิกส์และออโตเมชัน,B.Eng. Mechatronics and Automation Engineering,ภาษาไทย ปกติ,ลาดกระบัง,250,ไม่ระบุ,ไม่ระบุ,ไม่ระบุ,120,30,15,0
สถาบันเทคโนโลยีพระจอมเกล้าเจ้าคุณทหารลาดกระบัง,วิศวกรรมโยธา,วศ.บ. วิศวกรรมโยธา,B.Eng. Civil Engineering,ภาษาไทย ปกติ,ลาดกระบัง,250,อัตราการจบการศึกษา ร้อยละ 94.33 ของนักศึกษา ปีการศึกษา 2565,ไม่ระบุ,ไม่ระบุ,105,25,15,0
สถาบันเทคโนโลยีพระจอมเกล้าเจ้าคุณทหารลาดกระบัง,วิศวกรรมโยธา,วศ.บ. วิศวกรรมโยธา (หลักสูตรนานาชาติ),B.Eng. Civil Engineering (International Program),นานาชาติ,ลาดกระบัง,900,อัตราการจบการศึกษา ร้อยละ 93.33 ของนักศึกษา ปีการศึกษา 2565,ไม่ระบุ,ไม่ระบุ,85,8,5,10
สถาบันเทคโนโลยีพระจอมเกล้าเจ้าคุณทหารลาดกระบัง,วิศวกรรมสารสนเทศ,วศ.บ. วิศวกรรมระบบไอโอทีและสารสนเทศ,B.Eng. IoT system and Information Engineering,ภาษาไทย ปกติ,ลาดกระบัง,250,ไม่ระบุ,ไม่ระบุ,ไม่ระบุ,75,15,5,3
สถาบันเทคโนโลยีพระจอมเกล้าเจ้าคุณทหารลาดกระบัง,วิศวกรรมสารสนเทศ,วศ.บ. วิศวกรรมอวกาศและภูมิสารสนเทศ,B.Eng. Space and Geospatial Engineering,ภาษาไทย ปกติ,ลาดกระบัง,250,ไม่ระบุ,ไม่ระบุ,ไม่ระบุ,20,15,5,0
สถาบันเทคโนโลยีพระจอมเกล้าเจ้าคุณทหารลาดกระบัง,วิศวกรรมหุ่นยนต์,วศ.บ. วิศวกรรมหุ่นยนต์และปัญญาประดิษฐ์ (หลักสูตรนานาชาติ),B.Eng. Robotics and AI Engineering (International Program),นานาชาติ,ลาดกระบัง,900,อัตราการจบการศึกษา ร้อยละ 97.72 ของนักศึกษา ปีการศึกษา 2565,ไม่ระบุ,ไม่ระบุ,105,10,5,10
สถาบันเทคโนโลยีพระจอมเกล้าเจ้าคุณทหารลาดกระบัง,วิศวกรรมอาหาร,วศ.บ. วิศวกรรมอาหาร,B.Eng. Food Engineering,ภาษาไทย ปกติ,ลาดกระบัง,250,อัตราการจบการศึกษา ร้อยละ 86.88 ของนักศึกษา ปีการศึกษา 2565,ไม่ระบุ,ไม่ระบุ,65,20,10,0
สถาบันเทคโนโลยีพระจอมเกล้าเจ้าคุณทหารลาดกระบัง,วิศวกรรมอิเล็กทรอนิกส์,วศ.บ. วิศวกรรมอิเล็กทรอนิกส์,B.Eng. Electronics Engineering,ภาษาไทย ปกติ,ลาดกระบัง,250,อัตราการจบการศึกษา ร้อยละ 83.87 ของนักศึกษา ปีการศึกษา 2565,ไม่ระบุ,ไม่ระบุ,105,25,15,0
สถาบันเทคโนโลยีพระจอมเกล้าเจ้าคุณทหารลาดกระบัง,วิศวกรรมอุตสาหการ,วศ.บ. วิศวกรรมอุตสาหการ,B.Eng. Industrial Engineering,ภาษาไทย ปกติ,ลาดกระบัง,250,อัตราการจบการศึกษา ร้อยละ 92.31 ของนักศึกษา ปีการศึกษา 2565,ไม่ระบุ,ไม่ระบุ,105,40,20,0
สถาบันเทคโนโลยีพระจอมเกล้าเจ้าคุณทหารลาดกระบัง,วิศวกรรมอุตสาหการ,วศ.บ. วิศวกรรมอุตสาหการและการจัดการโลจิสติกส์ (หลักสูตรนานาชาติ),B.Eng. Industrial Engineering and logistics Management (International Program),นานาชาติ,ลาดกระบัง,900,อัตราการจบการศึกษา ร้อยละ 90.9 ของนักศึกษา ปีการศึกษา 2565,ไม่ระบุ,ไม่ระบุ,85,10,5,25
สถาบันเทคโนโลยีพระจอมเกล้าเจ้าคุณทหารลาดกระบัง,วิศวกรรมอุตสาหการ,วศ.บ. การจัดการวิศวกรรมและการเป็นผู้ประกอบการ (หลักสูตรนานาชาติ),B.Eng. Engineering Management and Entrepreneurship (International Program),นานาชาติ,ลาดกระบัง,900,ไม่ระบุ,ไม่ระบุ,ไม่ระบุ,80,7,0,35
มหาวิทยาลัยราชภัฏชัยภูมิ,วิศวกรรมการผลิต,วศ.บ. สาขาวิชาวิศวกรรมการผลิตและระบบอัตโนมัติ,Bachelor of Engineering Program in Production Engineering,ภาษาไทย ปกติ,วิทยาเขตหลัก,,,,,20,10,20,26
มหาวิทยาลัยราชภัฏชัยภูมิ,วิศวกรรมเครื่องกล,วศ.บ. สาขาวิชาวิศวกรรมเครื่องกล,Bachelor of Engineering Program in Mechanical Engineering,ภาษาไทย ปกติ,วิทยาเขตหลัก,,,,,20,10,20,15
มหาวิทยาลัยราชภัฏชัยภูมิ,วิศวกรรมโลจิสติกส์,วศ.บ. สาขาวิชาวิศวกรรมอุตสาหการและโลจิสติกส์,Bachelor of Engineering Program in Industrial Engineering and Logistics,ภาษาไทย ปกติ,วิทยาเขตหลัก,,,,,20,10,10,10
มหาวิทยาลัยราชภัฏบ้านสมเด็จเจ้าพระยา,โภชนาการ,หลักสูตรวิทยาศาสตรบัณฑิต สาขาวิชาการประกอบและบริการอาหาร,Bachelor of Science Program in Cookery and Food Service,ภาษาไทย ปกติ,วิทยาเขตหลัก,170,อัตราการจบการศึกษา ร้อยละ 45.45 ที่สำเร็จการศึกษา ปีการศึกษา 2564 ของนักศึกษาที่รับเข้า ปีการศึกษา 2561,ร้อยละ 77.78 ของผู้สำเร็จการศึกษา ปีการศึกษา 2564,"17,954 บาท",30,30,30,60
มหาวิทยาลัยราชภัฏบ้านสมเด็จเจ้าพระยา,โลจิสติกส์,หลักสูตรวิทยาศาสตรบัณฑิต สาขาวิชาเทคโนโลยีโลจิสติกส์,Bachelor of Science Program in Logistics Technology,ภาษาไทย ปกติ,วิทยาเขตหลัก,150,อัตราการจบการศึกษา ร้อยละ 23.52 ที่สำเร็จการศึกษา ปีการศึกษา 2565 ของนักศึกษาที่รับเข้า ปีการศึกษา 2562,ร้อยละ 73.91 ของผู้สำเร็จการศึกษา ปีการศึกษา 2564,"15,742 บาท",40,40,40,80
มหาวิทยาลัยราชภัฏบ้านสมเด็จเจ้าพระยา,เทคโนโลยีอุตสาหกรรม,หลักสูตรเทคโนโลยีบัณฑิต สาขาวิชาการจัดการอุตสาหกรรม (ต่อเนื่อง),Bachelor of Technology Program in Industrial Management (Continuing Program),ภาษาไทย ปกติ,วิทยาเขตหลัก,150,อัตราการจบการศึกษา ร้อยละ 100.00 ที่สำเร็จการศึกษา ปีการศึกษา 2564 ของนักศึกษาที่รับเข้า ปีการศึกษา 2561,ร้อยละ 81.82 ของผู้สำเร็จการศึกษา ปีการศึกษา 2564,"16,646 บาท",30,30,30,60
มหาวิทยาลัยราชภัฏบ้านสมเด็จเจ้าพระยา,เทคโนโลยีอุตสาหการ การผลิต,หลักสูตรอุตสาหกรรมศาสตรบัณฑิต สาขาวิชาการจัดการวิศวกรรมการผลิตและโลจิสติกส์ (แขนงวิชาการจัดการผลิตและคุณภาพ),Bachelor of Industrial Technology Program in Production and Logistics Engineering Management (Production and Quality Management),ภาษาไทย ปกติ,วิทยาเขตหลัก,150,อัตราการจบการศึกษา ร้อยละ 43.90 ที่สำเร็จการศึกษา ปีการศึกษา 2564 ของนักศึกษาที่รับเข้า ปีการศึกษา 2561,ร้อยละ 76.92 ของผู้สำเร็จการศึกษา ปีการศึกษา 2564,"18,857 บาท",20,20,15,40
มหาวิทยาลัยราชภัฏบ้านสมเด็จเจ้าพระยา,เทคโนโลยีอุตสาหการ การผลิต,หลักสูตรอุตสาหกรรมศาสตรบัณฑิต สาขาวิชาการจัดการวิศวกรรมการผลิตและโลจิสติกส์ (แขนงวิชาการจัดการคลังสินค้า),Bachelor of Industrial Technology Program in Production and Logistics Engineering Management (Warehouse Management),ภาษาไทย ปกติ,วิทยาเขตหลัก,150,อัตราการจบการศึกษา ร้อยละ 54.17 ที่สำเร็จการศึกษา ปีการศึกษา 2564 ของนักศึกษาที่รับเข้า ปีการศึกษา 2561,ร้อยละ 76.92 ของผู้สำเร็จการศึกษา ปีการศึกษา 2564,"18,857 บาท",20,20,20,40
มหาวิทยาลัยราชภัฏบ้านสมเด็จเจ้าพระยา,เทคโนโลยีอุตสาหการ การผลิต,หลักสูตรอุตสาหกรรมศาสตรบัณฑิต สาขาวิชาการจัดการวิศวกรรมการผลิตและโลจิสติกส์ (แขนงวิชาการจัดการดิจิทัลโลจิสติกส์),Bachelor of Industrial Technology Program in Production and Logistics Engineering Management (Digital Logistics Management),ภาษาไทย ปกติ,วิทยาเขตหลัก,150,อัตราการจบการศึกษา ร้อยละ 54.17 ที่สำเร็จการศึกษา ปีการศึกษา 2564 ของนักศึกษาที่รับเข้า ปีการศึกษา 2561,ร้อยละ 76.92 ของผู้สำเร็จการศึกษา ปีการศึกษา 2564,"18,857 บาท",20,20,15,40
มหาวิทยาลัยราชภัฏบ้านสมเด็จเจ้าพระยา,วิศวกรรมพลังงาน,หลักสูตรวิศวกรรมศาสตรบัณฑิต สาขาวิชาวิศวกรรมพลังงาน,Bachelor of Engineering Program in Energy Engineering,ภาษาไทย ปกติ,วิทยาเขตหลัก,170,หลักสูตรใหม่ พ.ศ. 2562 จะมีผู้สำเร็จการศึกษา ตามระยะเวลาการศึกษาตามหลักสูตร ในปีการศึกษา 2565,หลักสูตรใหม่ พ.ศ. 2562 จะมีผู้สำเร็จการศึกษา ตามระยะเวลาการศึกษาตามหลักสูตร ในปีการศึกษา 2565,หลักสูตรใหม่ พ.ศ. 2562 จะมีผู้สำเร็จการศึกษา ตามระยะเวลาการศึกษาตามหลักสูตร ในปีการศึกษา 2565,20,20,20,40
มหาวิทยาลัยราชภัฏบ้านสมเด็จเจ้าพระยา,วิศวกรรมไฟฟ้า,หลักสูตรวิศวกรรมศาสตรบัณฑิต สาขาวิชาวิศวกรรมไฟฟ้าและระบบควบคุมอัตโนมัติ,Bachelor of Engineering Program in Electrical Engineering and Automation Control Systems,ภาษาไทย ปกติ,วิทยาเขตหลัก,170,หลักสูตรใหม่ พ.ศ. 2564 จะมีผู้สำเร็จการศึกษา ตามระยะเวลาการศึกษาตามหลักสูตร ในปีการศึกษา 2567,หลักสูตรใหม่ พ.ศ. 2564 จะมีผู้สำเร็จการศึกษา ตามระยะเวลาการศึกษาตามหลักสูตร ในปีการศึกษา 2567,หลักสูตรใหม่ พ.ศ. 2564 จะมีผู้สำเร็จการศึกษา ตามระยะเวลาการศึกษาตามหลักสูตร ในปีการศึกษา 2567,30,30,30,60
มหาวิทยาลัยราชภัฏบ้านสมเด็จเจ้าพระยา,วิศวกรรมระบบวัดคุม วิศวกรรมอัตโนมัติ,หลักสูตรอุตสาหกรรมศาสตรบัณฑิต สาขาวิชาเทคโนโลยีวิศวกรรมออโตเมชัน,Bachelor of Industrial Technology Program in Automation Engineering Technology,ภาษาไทย ปกติ,วิทยาเขตหลัก,150,อัตราการจบการศึกษา ร้อยละ 14.71 ที่สำเร็จการศึกษา ปีการศึกษา 2564 ของนักศึกษาที่รับเข้า ปีการศึกษา 2561,ร้อยละ 89.29 ของผู้สำเร็จการศึกษา ปีการศึกษา 2564,"20,916 บาท",30,30,30,60
มหาวิทยาลัยราชภัฏบ้านสมเด็จเจ้าพระยา,วิศวกรรมอุตสาหการ,หลักสูตรวิศวกรรมศาสตรบัณฑิต สาขาวิชาวิศวกรรมอุตสาหการและการจัดการโซ่อุปทาน,Bachelor of Engineering Program in Industrial Engineering and Supply Chain Management,ภาษาไทย ปกติ,วิทยาเขตหลัก,150,อัตราการจบการศึกษา ร้อยละ 64.10 ที่สำเร็จการศึกษา ปีการศึกษา 2564 ของนักศึกษาที่รับเข้า ปีการศึกษา 2561,ร้อยละ 81.82 ของผู้สำเร็จการศึกษา ปีการศึกษา 2564,"16,646 บาท",25,25,25,35
มหาวิทยาลัยราชภัฏบ้านสมเด็จเจ้าพระยา,การออกแบบ,หลักสูตรวิทยาศาสตรบัณฑิต สาขาวิชาออกแบบและพัฒนาผลิตภัณฑ์,Bachelor of Science Program in Product Design and Development,ภาษาไทย ปกติ,วิทยาเขตหลัก,150,อัตราการจบการศึกษา ร้อยละ 25.00 ที่สำเร็จการศึกษา ปีการศึกษา 2564 ของนักศึกษาที่รับเข้า ปีการศึกษา 2561,ร้อยละ 83.33 ของผู้สำเร็จการศึกษา ปีการศึกษา 2564,"15,500 บาท",10,30,30,46
มหาวิทยาลัยราชภัฏเพชรบุรี,วิศวกรรมเครื่องกล,หลักสูตรวิศวกรรมศาสตรบัณฑิต สาขาวิชาวิศวกรรมเครื่องกล,Bachelor of Engineering Program in Mechanical Engineering,ภาษาไทย ปกติ,วิทยาเขตหลัก,150,อัตราการจบการศึกษา ร้อยละ 30.61 ของนักศึกษาปีการศึกษา 2565,ร้อยละ 80 ของผู้จบการศึกษา,"18,625.00 บาท",0,0,15,0
มหาวิทยาลัยราชภัฏเพชรบุรี,วิศวกรรมพลังงาน,หลักสูตรวิศวกรรมศาสตรบัณฑิต สาขาวิชาวิศวกรรมพลังงาน,Bachelor of Engineering Program in Energy Engineering,ภาษาไทย ปกติ,วิทยาเขตหลัก,150,อัตราการจบการศึกษา ร้อยละ 48.48 ของนักศึกษาปีการศึกษา 2565,ร้อยละ 90.32 ของผู้จบการศึกษา,"16,427.78 บาท",0,0,15,0
มหาวิทยาลัยราชภัฏเพชรบุรี,วิศวกรรมสารสนเทศ,หลักสูตรวิศวกรรมศาสตรบัณฑิต สาขาวิชาวิศวกรรมสารสนเทศและการสื่อสาร,Bachelor of Engineering Program in Information and Communication Engineering,ภาษาไทย ปกติ,วิทยาเขตหลัก,150,อัตราการจบการศึกษา ร้อยละ 32.35 ของนักศึกษาปีการศึกษา 2565,ร้อยละ 68.75 ของผู้จบการศึกษา,"13,181.82 บาท",0,0,15,0
มหาวิทยาลัยราชภัฏเพชรบุรี,วิศวกรรมอุตสาหการ,หลักสูตรวิศวกรรมศาสตรบัณฑิต สาขาวิชาวิศวกรรมอุตสาหการ,Bachelor of Engineering Program in Industrial Engineering,ภาษาไทย ปกติ,วิทยาเขตหลัก,150,,,,0,0,15,0
มหาวิทยาลัยราชภัฏเพชรบุรี,สถาปัตยกรรมภายใน,หลักสูตรสถาปัตยกรรมศาสตรบัณฑิต สาขาวิชาสถาปัตยกรรมภายใน,Bachelor of Architecture Program in Interior Architecture,ภาษาไทย ปกติ,วิทยาเขตหลัก,120,อัตราการจบการศึกษา ร้อยละ 18.18 ของนักศึกษาปีการศึกษา 2565,ร้อยละ 100 ของผู้จบการศึกษา,"16,333.33 บาท",0,0,15,0
มหาวิทยาลัยราชภัฏสวนสุนันทา,สาธารณสุข,วท.บ.เทคโนโลยีความปลอดภัยและอาชีวอนามัย,Bachelor of Science,ภาษาไทย ปกติ,หลัก,155,,,,24,20,30,40
มหาวิทยาลัยราชภัฏสวนสุนันทา,เทคโนโลยีไฟฟ้า,วท.บ.เทคโนโลยีไฟฟ้า,Bachelor of Science,ภาษาไทย ปกติ,หลัก,155,,,,24,20,30,40
มหาวิทยาลัยราชภัฏสวนสุนันทา,เทคโนโลยีมัลติมีเดีย,วท.บ.การออกแบบกราฟิกและมัลติมีเดีย,Bachelor of Science,ภาษาไทย ปกติ,หลัก,155,,,,24,20,30,20
มหาวิทยาลัยราชภัฏสวนสุนันทา,เทคโนโลยีอุตสาหกรรม,วท.บ.การจัดการอสังหาริมทรัพย์และทรัพยากรอาคาร,Bachelor of Science,ภาษาไทย ปกติ,หลัก,155,,,,56,21,30,60
มหาวิทยาลัยราชภัฏสวนสุนันทา,วิศวกรรมทั่วไป,วศ.บ.การจัดการวิศวกรรม,Bachelor of Engineering,ภาษาไทย ปกติ,หลัก,185,,,,24,20,30,60
มหาวิทยาลัยราชภัฏสวนสุนันทา,วิศวกรรมคอมพิวเตอร์,วศ.บ.วิศวกรรมคอมพิวเตอร์,Bachelor of Engineering,ภาษาไทย ปกติ,หลัก,185,,,,32,20,30,40
มหาวิทยาลัยราชภัฏสวนสุนันทา,วิศวกรรมหุ่นยนต์,วศ.บ.วิศวกรรมหุ่นยนต์,Bachelor of Engineering,ภาษาไทย ปกติ,หลัก,185,,,,24,20,30,60
มหาวิทยาลัยราชภัฏสวนสุนันทา,อุตสาหกรรมศิลป์,ค.อ.บ.อุตสาหกรรมศิลป์และวิทยาศาสตร์,Bachelor of Science in Industrial Education,ภาษาไทย ปกติ,หลัก,200,,,,24,20,30,60
มหาวิทยาลัยราชภัฏสวนสุนันทา,การออกแบบ,อบ.บ.การออกแบบผลิตภัณฑ์และบรรจุภัณฑ์,Bachelor of Design,ภาษาไทย ปกติ,หลัก,155,,,,24,20,30,60
มหาวิทยาลัยราชภัฏสวนสุนันทา,การออกแบบ,อบ.บ.การออกแบบนิทรรศการและอนิเมชั่นสามมิติ,Bachelor of Design,ภาษาไทย ปกติ,หลัก,155,,,,24,20,30,60
มหาวิทยาลัยเทคโนโลยีราชมงคลกรุงเทพ,วิศวกรรมคอมพิวเตอร์,วศ.บ. (วิศวกรรมคอมพิวเตอร์และระบบไอโอที),B.Eng. (Computer Engineering and IoT System),ภาษาไทย ปกติ,วิทยาเขตหลัก,112,n/a,n/a,n/a,40,11,80,10
มหาวิทยาลัยเทคโนโลยีราชมงคลกรุงเทพ,วิศวกรรมเคมี,วศ.บ. (วิศวกรรมเคมี),B.Eng. (Chemical Engineering),ภาษาไทย ปกติ,วิทยาเขตหลัก,112,n/a,ร้อยละ 76 ของผู้สำเร็จการศึกษา,"13,980 บาท",80,45,80,40
มหาวิทยาลัยเทคโนโลยีราชมงคลกรุงเทพ,วิศวกรรมเครื่องกล,วศ.บ. (วิศวกรรมเครื่องกล),B.Eng. (Mechanical Engineering),ภาษาไทย ปกติ,วิทยาเขตหลัก,112,n/a,ร้อยละ 75 ของผู้สำเร็จการศึกษา,"17,063 บาท",20,12,50,50
มหาวิทยาลัยเทคโนโลยีราชมงคลกรุงเทพ,วิศวกรรมไฟฟ้า,วศ.บ. (วิศวกรรมไฟฟ้า),B.Eng. (Electrical Engineering),ภาษาไทย ปกติ,วิทยาเขตหลัก,112,n/a,ร้อยละ 75 ของผู้สำเร็จการศึกษา,"27,708 บาท",30,12,50,3
มหาวิทยาลัยเทคโนโลยีราชมงคลกรุงเทพ,วิศวกรรมไฟฟ้าสื่อสาร วิศวกรรมโทรคมนาคม,วศ.บ. (วิศวกรรมอิเล็กทรอนิกส์และโทรคมนาคม),B.Eng. (Electronic and Telecommunication Engineering),ภาษาไทย ปกติ,วิทยาเขตหลัก,112,n/a,ร้อยละ 82 ของผู้สำเร็จการศึกษา,"18,286 บาท",60,60,60,30
มหาวิทยาลัยเทคโนโลยีราชมงคลกรุงเทพ,วิศวกรรมโยธา,วศ.บ. (วิศวกรรมโยธา),B.Eng. (Civil Engineering),ภาษาไทย ปกติ,วิทยาเขตหลัก,112,n/a,ร้อยละ 92 ของผู้สำเร็จการศึกษา,"17,602 บาท",40,10,30,5
มหาวิทยาลัยเทคโนโลยีราชมงคลกรุงเทพ,วิศวกรรมสำรวจ,วศ.บ. (วิศวกรรมสำรวจ),B.Eng. (Surveying Engineering),ภาษาไทย ปกติ,วิทยาเขตหลัก,112,n/a,ร้อยละ 95 ของผู้สำเร็จการศึกษา,"15,744 บาท",60,22,60,20
มหาวิทยาลัยเทคโนโลยีราชมงคลกรุงเทพ,วิศวกรรมหุ่นยนต์,วศ.บ. (วิศวกรรมอัตโนมัติและหุ่นยนต์),B.Eng. (Automation and Robotics Engineering),ภาษาไทย ปกติ,วิทยาเขตหลัก,112,n/a,ร้อยละ 100 ของผู้สำเร็จการศึกษา,"16,200 บาท",40,25,50,20
มหาวิทยาลัยเทคโนโลยีราชมงคลกรุงเทพ,วิศวกรรมอากาศยาน,วศ.บ. (วิศวกรรมซ่อมบำรุงอากาศยาน),B.Eng. (Aircraft Maintenance Engineering),ภาษาไทย ปกติ,วิทยาเขตหลัก,420,n/a,ร้อยละ 70 ของผู้สำเร็จการศึกษา,"20,475 บาท",40,20,40,20
มหาวิทยาลัยเทคโนโลยีราชมงคลกรุงเทพ,วิศวกรรมอุตสาหการ,วศ.บ. (วิศวกรรมอุตสาหการ),B.Eng. (Industrial Engineering),ภาษาไทย ปกติ,วิทยาเขตหลัก,112,n/a,ร้อยละ 82 ของผู้สำเร็จการศึกษา,"14,810 บาท",12,12,30,15
มหาวิทยาลัยเทคโนโลยีราชมงคลกรุงเทพ,วิศวกรรมอุตสาหการ,วศ.บ. (วิศวกรรมอุตสาหการ),B.Eng. (Industrial Engineering),ภาษาไทย ปกติ,วิทยาเขตหลัก,112,n/a,ร้อยละ 82 ของผู้สำเร็จการศึกษา,"14,810 บาท",12,12,30,15
มหาวิทยาลัยเทคโนโลยีราชมงคลตะวันออก,วิศวกรรมเกษตร,วิศวกรรมศาสตรบัณฑิต (วศ.บ.)สาขาวิชาวิศวกรรมเกษตรอัจฉริยะ,Bachelor of Engineering program in Smart Agricultural Engineering,ภาษาไทย ปกติ,คณะ/สถาบันในส่วนกลาง,111,,,,30,30,30,30
มหาวิทยาลัยเทคโนโลยีราชมงคลตะวันออก,วิศวกรรมเมคคาทรอนิกส์,วิศวกรรมศาสตรบัณฑิต (วศ.บ.) สาขาวิชาวิศวกรรมเมคคาทรอนิกส์และหุ่นยนต์,Bachelor of Engineering program in Mechatronics and Robotics,ภาษาไทย ปกติ,คณะ/สถาบันในส่วนกลาง,111,,,,20,10,10,10
มหาวิทยาลัยเทคโนโลยีราชมงคลตะวันออก,วิศวกรรมอุตสาหการ,วิศวกรรมศาสตรบัณฑิต (วศ.บ.) สาขาวิชาวิศวกรรมอุตสาหการและโลจิสติกส์,Bachelor of Engineering program in Industrial Engineering and Logistics,ภาษาไทย ปกติ,คณะ/สถาบันในส่วนกลาง,111,,,,30,30,30,30
มหาวิทยาลัยเทคโนโลยีราชมงคลธัญบุรี,วิศวกรรมทั่วไป,วิศวกรรมศาสตรบัณฑิต 13 สาขา โยธา ไฟฟ้า เครื่องกล อุตสาหการการผลิตอัตโนมัติ อุตสาหการและโลจิสติกส์ อิเล็กทรอนิกส์และโทรคมนาคม คอมพิวเตอร์ เคมี สิ่งแวดล้อม วัสดุพอลิเมอร์ นวัตกรรมสิ่งทอ เกษตรอุตสาหกรรม อาหาร,General Engineering,ภาษาไทย ปกติ,วิทยาเขตหลัก,160,,,,230,120,60,0
มหาวิทยาลัยเทคโนโลยีราชมงคลธัญบุรี,วิศวกรรมแหล่งน้ำ,วิศวกรรมชลประทานและการจัดการน้ำ,Irrigation Engineering and Water Management,ภาษาไทย ปกติ,วิทยาเขตหลัก,160,อัตราการจบการศึกษา ร้อยละ 51.22 ของนักศึกษาปีการศึกษา 2565,,,5,5,20,5
มหาวิทยาลัยเทคโนโลยีราชมงคลธัญบุรี,วิศวกรรมอากาศยาน,วิศวกรรมอิเล็กทรอนิกส์อากาศยาน,Avionic Engineering,ภาษาไทย ปกติ,วิทยาเขตหลัก,300,อัตราการจบการศึกษา ร้อยละ 91.67 ของนักศึกษาปีการศึกษา 2565,,,5,5,5,0
มหาวิทยาลัยเทคโนโลยีราชมงคลรัตนโกสินทร์,วิศวกรรมคอมพิวเตอร์,วศ.บ. วิศวกรรมคอมพิวเตอร์ 4 ปี,BachelorofEngineering(B.Eng.),ภาษาไทย ปกติ,ศาลายา,150,ไม่น้อยกว่าร้อยละ 90 ของหลักสูตร,ไม่น้อยกว่าร้อยละ 90,ตามโครงสร้างขององค์กร,60,20,5,0
มหาวิทยาลัยเทคโนโลยีราชมงคลรัตนโกสินทร์,วิศวกรรมเครื่องกล,วศ.บ. วิศวกรรมเครื่องกล 4 ปี,BachelorofEngineering(B.Eng.),ภาษาไทย ปกติ,ศาลายา,150,ไม่น้อยกว่าร้อยละ 90 ของหลักสูตร,ไม่น้อยกว่าร้อยละ 90,ตามโครงสร้างขององค์กร,30,20,10,0
มหาวิทยาลัยเทคโนโลยีราชมงคลรัตนโกสินทร์,วิศวกรรมไฟฟ้า,วศ.บ. วิศวกรรมไฟฟ้า 4 ปี,BachelorofEngineering(B.Eng.),ภาษาไทย ปกติ,ศาลายา,150,ไม่น้อยกว่าร้อยละ 90 ของหลักสูตร,ไม่น้อยกว่าร้อยละ 90,ตามโครงสร้างขององค์กร,60,20,25,0
มหาวิทยาลัยเทคโนโลยีราชมงคลรัตนโกสินทร์,วิศวกรรมไฟฟ้าสื่อสาร วิศวกรรมโทรคมนาคม,วศ.บ. วิศวกรรมไฟฟ้าสื่อสารและอิเล็กทรอนิกส์อัจฉริยะ 4 ปี,BachelorofEngineering(B.Eng.),ภาษาไทย ปกติ,ศาลายา,150,ไม่น้อยกว่าร้อยละ 90 ของหลักสูตร,ไม่น้อยกว่าร้อยละ 90,ตามโครงสร้างขององค์กร,30,20,10,0
มหาวิทยาลัยเทคโนโลยีราชมงคลรัตนโกสินทร์,วิศวกรรมเมคคาทรอนิกส์,วศ.บ. วิศวกรรมเมคคาทรอนิกส์ 4 ปี,BachelorofEngineering(B.Eng.),ภาษาไทย ปกติ,ศาลายา,150,ไม่น้อยกว่าร้อยละ 90 ของหลักสูตร,ไม่น้อยกว่าร้อยละ 90,ตามโครงสร้างขององค์กร,30,20,10,0
มหาวิทยาลัยเทคโนโลยีราชมงคลรัตนโกสินทร์,วิศวกรรมโยธา,วศ.บ. วิศวกรรมโยธา 4 ปี,BachelorofEngineering(B.Eng.),ภาษาไทย ปกติ,ศาลายา,150,ไม่น้อยกว่าร้อยละ 90 ของหลักสูตร,ไม่น้อยกว่าร้อยละ 90,ตามโครงสร้างขององค์กร,70,20,5,0
มหาวิทยาลัยเทคโนโลยีราชมงคลรัตนโกสินทร์,วิศวกรรมโยธา,วศ.บ. วิศวกรรมโยธา 4 ปี,BachelorofEngineering(B.Eng.),ภาษาไทย ปกติ,วังไกลกังวล,150,ไม่น้อยกว่าร้อยละ 90 ของหลักสูตร,ไม่น้อยกว่าร้อยละ 90,ตามโครงสร้างขององค์กร,60,20,5,0
มหาวิทยาลัยเทคโนโลยีราชมงคลรัตนโกสินทร์,วิศวกรรมระบบวัดคุม วิศวกรรมอัตโนมัติ,วศ.บ. วิศวกรรมการวัดคุม 4 ปี,BachelorofEngineering(B.Eng.),ภาษาไทย ปกติ,ศาลายา,150,ไม่น้อยกว่าร้อยละ 90 ของหลักสูตร,ไม่น้อยกว่าร้อยละ 90,ตามโครงสร้างขององค์กร,30,20,15,0
มหาวิทยาลัยเทคโนโลยีราชมงคลรัตนโกสินทร์,วิศวกรรมโลจิสติกส์,วศ.บ. วิศวกรรมโลจิสติกส์ 4 ปี,BachelorofEngineering(B.Eng.),ภาษาไทย ปกติ,ศาลายา,150,ไม่น้อยกว่าร้อยละ 90 ของหลักสูตร,ไม่น้อยกว่าร้อยละ 90,ตามโครงสร้างขององค์กร,90,20,2,0
มหาวิทยาลัยเทคโนโลยีราชมงคลรัตนโกสินทร์,วิศวกรรมวัสดุ,วศ.บ. วิศวกรรมวัสดุ-ปิโตรเคมีภัณฑ์และพอลิเมอร์ 4 ปี,BachelorofEngineering(B.Eng.),ภาษาไทย ปกติ,ศาลายา,150,ไม่น้อยกว่าร้อยละ 90 ของหลักสูตร,ไม่น้อยกว่าร้อยละ 90,ตามโครงสร้างขององค์กร,30,20,10,0
มหาวิทยาลัยเทคโนโลยีราชมงคลรัตนโกสินทร์,วิศวกรรมอุตสาหการ,วศ.บ. วิศวกรรมอุตสาหการ 4 ปี,BachelorofEngineering(B.Eng.),ภาษาไทย ปกติ,ศาลายา,150,ไม่น้อยกว่าร้อยละ 90 ของหลักสูตร,ไม่น้อยกว่าร้อยละ 90,ตามโครงสร้างขององค์กร,30,20,10,0
มหาวิทยาลัยเทคโนโลยีราชมงคลศรีวิชัย,วิศวกรรมการผลิต,วศ.บ. วิศวกรรมการผลิต,Production Engineering,ภาษาไทย ปกติ,สงขลา,110,80%,,,15,3,0,0
มหาวิทยาลัยเทคโนโลยีราชมงคลศรีวิชัย,วิศวกรรมคอมพิวเตอร์,วศ.บ. วิศวกรรมคอมพิวเตอร์,Computer Engineering,ภาษาไทย ปกติ,สงขลา,110,81%,,,2,1,1,1
มหาวิทยาลัยเทคโนโลยีราชมงคลศรีวิชัย,วิศวกรรมคอมพิวเตอร์,วศ.บ. วิศวกรรมปัญญาประดิษฐ์และนวัตกรรมดิจิทัล,,ภาษาไทย ปกติ,สงขลา,110,,,,0,10,3,2
มหาวิทยาลัยเทคโนโลยีราชมงคลศรีวิชัย,วิศวกรรมเครื่องกล,วศ.บ. วิศวกรรมเครื่องกล,Mechanical Engineering,ภาษาไทย ปกติ,สงขลา,110,82%,,,8,8,0,0
มหาวิทยาลัยเทคโนโลยีราชมงคลศรีวิชัย,วิศวกรรมเครื่องกล,วศ.บ. วิศวกรรมเครื่องกลเรือ,Marine Engineering,ภาษาไทย ปกติ,สงขลา,254,80%,,,5,0,0,0
มหาวิทยาลัยเทคโนโลยีราชมงคลศรีวิชัย,วิศวกรรมไฟฟ้า,วศ.บ. วิศวกรรมไฟฟ้า,Electrical Engineering,ภาษาไทย ปกติ,สงขลา,110,83%,,,5,0,0,0
มหาวิทยาลัยเทคโนโลยีราชมงคลศรีวิชัย,วิศวกรรมไฟฟ้าสื่อสาร วิศวกรรมโทรคมนาคม,วศ.บ. วิศวกรรมโทรคมนาคม,Telecommunication Engineering,ภาษาไทย ปกติ,สงขลา,110,81%,,,2,2,0,0
มหาวิทยาลัยเทคโนโลยีราชมงคลศรีวิชัย,วิศวกรรมโยธา,วศ.บ. วิศวกรรมโยธา,,ภาษาไทย ปกติ,สงขลา,110,82%,,,10,5,0,0
มหาวิทยาลัยเทคโนโลยีราชมงคลศรีวิชัย,วิศวกรรมโยธา,วศ.บ. วิศวกรรมโยธา,,ภาษาไทย ปกติ,สงขลา,110,82%,,,10,5,0,0
มหาวิทยาลัยเทคโนโลยีราชมงคลศรีวิชัย,วิศวกรรมสำรวจ,วศ.บ. วิศวกรรมสำรวจ,Survey Engineering,ภาษาไทย ปกติ,สงขลา,110,80%,,,5,2,0,0
มหาวิทยาลัยเทคโนโลยีราชมงคลศรีวิชัย,วิศวกรรมอิเล็กทรอนิกส์,วศ.บ. วิศวกรรมอิเล็กทรอนิกส์,Electronics Engineering,ภาษาไทย ปกติ,สงขลา,110,84%,,,3,2,2,0
มหาวิทยาลัยเทคโนโลยีราชมงคลศรีวิชัย,วิศวกรรมอุตสาหการ,วศ.บ. วิศวกรรมอุตสาหการ,Industrial Engineering,ภาษาไทย ปกติ,สงขลา,110,83%,,,6,3,0,0
มหาวิทยาลัยเทคโนโลยีราชมงคลอีสาน,วิศวกรรมเกษตร,วศ.บ.วิศวกรรมเครื่องจักรกลเกษตร,Programin Agricultural Machinery Engineering,ภาษาไทย ปกติ,นครราชสีมา,120,อัตราการจบการศึกษา ร้อยละ 57.69 ของนักศึกษาปีการศึกษา 2565,ร้อยละ 60 ของผู้จบการศึกษา,"23,375 บาท",5,5,15,0
มหาวิทยาลัยเทคโนโลยีราชมงคลอีสาน,วิศวกรรมเกษตร,วศ.บ.วิศวกรรมอาหารและหลังการเก็บเกี่ยว,Programin Food and Postharvest Engineering,ภาษาไทย ปกติ,นครราชสีมา,120,อัตราการจบการศึกษา ร้อยละ 15.38 ของนักศึกษาปีการศึกษา 2565,ร้อยละ 100 ของผู้จบการศึกษา,"21,416.67 บาท",5,5,20,0
มหาวิทยาลัยเทคโนโลยีราชมงคลอีสาน,วิศวกรรมคอมพิวเตอร์,วศ.บ.วิศวกรรมคอมพิวเตอร์,Programin Computer Engineering,ภาษาไทย ปกติ,นครราชสีมา,120,อัตราการจบการศึกษา ร้อยละ 62.96 ของนักศึกษาปีการศึกษา 2565,ร้อยละ 60 ของผู้จบการศึกษา,"24,296.88 บาท",15,5,2,0
มหาวิทยาลัยเทคโนโลยีราชมงคลอีสาน,วิศวกรรมเครื่องกล,วศ.บ.วิศวกรรมเครื่องกล,Programin Mechanical Engineering,ภาษาไทย ปกติ,นครราชสีมา,120,อัตราการจบการศึกษา ร้อยละ 91.55 ของนักศึกษาปีการศึกษา 2565,ร้อยละ 61.02 ของผู้จบการศึกษา,"19,407.50 บาท",12,6,0,0
มหาวิทยาลัยเทคโนโลยีราชมงคลอีสาน,วิศวกรรมเครื่องกล,วศ.บ.วิศวกรรมการทำความเย็นและการปรับอากาศ,Bachelor of Engineering Programin Refrigeration and Air Conditioning Engineering,ภาษาไทย ปกติ,นครราชสีมา,120,อัตราการจบการศึกษา ร้อยละ 15.00 ของนักศึกษาปีการศึกษา 2565,ร้อยละ 50 ของผู้จบการศึกษา,"24,027.78 บาท",2,2,5,0
มหาวิทยาลัยเทคโนโลยีราชมงคลอีสาน,วิศวกรรมเครื่องกล,วศ.บ.วิศวกรรมเครื่องจักรกลหนัก,Programin Heavy Equipment Engineering,ภาษาไทย ปกติ,นครราชสีมา,120,อัตราการจบการศึกษา ร้อยละ 82.54 ของนักศึกษาปีการศึกษา 2565,ร้อยละ 37.50 ของผู้จบการศึกษา,"19,494.44 บาท",5,5,0,0
มหาวิทยาลัยเทคโนโลยีราชมงคลอีสาน,วิศวกรรมไฟฟ้า,วศ.บ.วิศวกรรมไฟฟ้า,Programin Electrical Engineering,ภาษาไทย ปกติ,นครราชสีมา,120,อัตราการจบการศึกษา ร้อยละ 92.16 ของนักศึกษาปีการศึกษา 2565,ร้อยละ 61.82 ของผู้จบการศึกษา,"17,881.96 บาท",3,2,0,0
มหาวิทยาลัยเทคโนโลยีราชมงคลอีสาน,วิศวกรรมไฟฟ้าสื่อสาร วิศวกรรมโทรคมนาคม,วศ.บ.วิศวกรรมโทรคมนาคม,Programin Telecommunication Engineering,ภาษาไทย ปกติ,นครราชสีมา,120,อัตราการจบการศึกษา ร้อยละ 100 ของนักศึกษาปีการศึกษา 2565,ร้อยละ 78 ของผู้จบการศึกษา,"22,140.48 บาท",2,2,20,0
มหาวิทยาลัยเทคโนโลยีราชมงคลอีสาน,วิศวกรรมเมคคาทรอนิกส์,วศ.บ.วิศวกรรมเมคคาทรอนิกส์,Programin Mechatronics Engineering,ภาษาไทย ปกติ,นครราชสีมา,120,อัตราการจบการศึกษา ร้อยละ 96.92 ของนักศึกษาปีการศึกษา 2565,ร้อยละ 68.42 ของผู้จบการศึกษา,"16,267.95 บาท",3,3,5,0
มหาวิทยาลัยเทคโนโลยีราชมงคลอีสาน,วิศวกรรมโยธา,วศ.บ.วิศวกรรมโยธา,Programin Civil Engineering,ภาษาไทย ปกติ,นครราชสีมา,120,อัตราการจบการศึกษา ร้อยละ 44.34 ของนักศึกษาปีการศึกษา 2565,ร้อยละ 66.23 ของผู้จบการศึกษา,"19,960.83 บาท",12,0,0,0
มหาวิทยาลัยเทคโนโลยีราชมงคลอีสาน,วิศวกรรมโยธา,วศ.บ.วิศวกรรมโยธาและโครงสร้างพื้นฐาน,Program in Civil and Infrastructure Engineering,ภาษาไทย ปกติ,นครราชสีมา,120,-,-,-,5,5,0,0
มหาวิทยาลัยเทคโนโลยีราชมงคลอีสาน,วิศวกรรมระบบราง,วศ.บ.วิศวกรรมระบบราง,Programin Railway Systems Engineering,ภาษาไทย ปกติ,นครราชสีมา,120,อัตราการจบการศึกษา ร้อยละ 100 ของนักศึกษาปีการศึกษา 2565,-,-,10,8,7,0
มหาวิทยาลัยเทคโนโลยีราชมงคลอีสาน,วิศวกรรมโลจิสติกส์,วศ.บ.วิศวกรรมโลจิสติกส์,Programin Logistics Engineering,ภาษาไทย ปกติ,นครราชสีมา,120,อัตราการจบการศึกษา ร้อยละ 96.67 ของนักศึกษาปีการศึกษา 2565,ร้อยละ 45.45 ของผู้จบการศึกษา,"17,415.56 บาท",5,1,0,0
มหาวิทยาลัยเทคโนโลยีราชมงคลอีสาน,วิศวกรรมวัสดุ,วศ.บ.วิศวกรรมวัสดุ-โลหการ,Materials Engineering,ภาษาไทย ปกติ,นครราชสีมา,120,อัตราการจบการศึกษา ร้อยละ 70.00 ของนักศึกษาปีการศึกษา 2565,ร้อยละ 62.50 ของผู้จบการศึกษา,"19,380.95 บาท",20,20,20,0
มหาวิทยาลัยเทคโนโลยีราชมงคลอีสาน,วิศวกรรมวัสดุ,วศ.บ.วิศวกรรมวัสดุ-พอลิเมอร์,Materials Engineering,ภาษาไทย ปกติ,นครราชสีมา,120,อัตราการจบการศึกษา ร้อยละ 83.33 ของนักศึกษาปีการศึกษา 2565,-,-,20,20,20,0
มหาวิทยาลัยเทคโนโลยีราชมงคลอีสาน,วิศวกรรมสำรวจ,วศ.บ.วิศวกรรมสำรวจและภูมิสารสนเทศ,Programin Survey Engineering and Geomatics,ภาษาไทย ปกติ,นครราชสีมา,120,-,ร้อยละ 48.15 ของผู้จบการศึกษา,"19,404.76 บาท",10,10,10,0
มหาวิทยาลัยเทคโนโลยีราชมงคลอีสาน,วิศวกรรมอากาศยาน,วศ.บ.วิศวกรรมซ่อมบำรุงอากาศยาน,Programin Aircraft Maintenance Engineering,ภาษาไทย ปกติ,นครราชสีมา,120,อัตราการจบการศึกษา ร้อยละ 100 ของนักศึกษาปีการศึกษา 2565,-,-,5,5,20,0
มหาวิทยาลัยเทคโนโลยีราชมงคลอีสาน,วิศวกรรมอิเล็กทรอนิกส์,วศ.บ.วิศวกรรมอิเล็กทรอนิกส์-ระบบสื่อสาร,Programin Electronics Engineering - Communication System,ภาษาไทย ปกติ,นครราชสีมา,120,อัตราการจบการศึกษา ร้อยละ 95.65 ของนักศึกษาปีการศึกษา 2565,ร้อยละ 78 ของผู้จบการศึกษา,"22,140.48 บาท",2,2,15,0
มหาวิทยาลัยเทคโนโลยีราชมงคลอีสาน,วิศวกรรมอิเล็กทรอนิกส์,วศ.บ.วิศวกรรมอิเล็กทรอนิกส์และระบบควบคุมอัตโนมัติ,Program in Electronics Engineering and Automatic Control System,ภาษาไทย ปกติ,นครราชสีมา,120,อัตราการจบการศึกษา ร้อยละ 95.65 ของนักศึกษาปีการศึกษา 2565,ร้อยละ 55.38 ของผู้จบการศึกษา,"19,923.66 บาท",3,3,3,0
มหาวิทยาลัยเทคโนโลยีราชมงคลอีสาน,วิศวกรรมอุตสาหการ,วศ.บ.วิศวกรรมอุตสาหการ,Programin Industrial Engineering,ภาษาไทย ปกติ,นครราชสีมา,120,อัตราการจบการศึกษา ร้อยละ 90.32 ของนักศึกษาปีการศึกษา 2565,ร้อยละ 59.09 ของผู้จบการศึกษา,"18,719.44 บาท",10,1,0,0
มหาวิทยาลัยเกษมบัณฑิต,วิศวกรรมไฟฟ้า,วศ.บ.วิศวกรรมไฟฟ้า,B.Eng. (Electrical Engineering),ภาษาไทย ปกติ,วิทยาเขตพัฒนาการ,280,อัตราการจบการศึกษา ร้อยละ 60 ของนักศึกษาปีการศึกษา 2565,ร้อยละ 30 ของผู้จบการศึกษา,"15,500 บาท",0,0,40,0
มหาวิทยาลัยเกษมบัณฑิต,วิศวกรรมคอมพิวเตอร์,วศ.บ.วิศวกรรมคอมพิวเตอร์,B.Eng. (Computer Engineering),ภาษาไทย ปกติ,วิทยาเขตร่มเกล้า,258,อัตราการจบการศึกษา ร้อยละ 60 ของนักศึกษาปีการศึกษา 2565,ร้อยละ70 ของผู้จบการศึกษา,"15,500 บาท",0,0,40,0
มหาวิทยาลัยเกษมบัณฑิต,วิศวกรรมเครื่องกล,วศ.บ.วิศวกรรมเครื่องกล,B.Eng. (Mechanical Engineering),ภาษาไทย ปกติ,วิทยาเขตร่มเกล้า,272,อัตราการจบการศึกษา ร้อยละ 30 ของนักศึกษาปีการศึกษา 2565,ร้อยละ 30 ของผู้จบการศึกษา,"15,500 บาท",0,0,60,0
มหาวิทยาลัยเกษมบัณฑิต,วิศวกรรมเครื่องกล,วศ.บ.วิศวกรรมเครื่องกล,B.Eng. (Mechanical Engineering),ภาษาไทย ปกติ,วิทยาเขตร่มเกล้า,268,อัตราการจบการศึกษา ร้อยละ 30 ของนักศึกษาปีการศึกษา 2565,ร้อยละ 30 ของผู้จบการศึกษา,"15,500 บาท",0,0,60,0
มหาวิทยาลัยเกษมบัณฑิต,วิศวกรรมเครื่องกล,วศ.บ.วิศวกรรมเครื่องกล,B.Eng. (Mechanical Engineering),ภาษาไทย ปกติ,วิทยาเขตร่มเกล้า,480,อัตราการจบการศึกษา ร้อยละ 30 ของนักศึกษาปีการศึกษา 2565,ร้อยละ 30 ของผู้จบการศึกษา,"15,500 บาท",0,0,60,0
มหาวิทยาลัยเกษมบัณฑิต,วิศวกรรมโยธา,วศ.บ.วิศวกรรมโยธา,B.Eng. (Civil Engineering),ภาษาไทย ปกติ,วิทยาเขตร่มเกล้า,281,อัตราการจบการศึกษา ร้อยละ 30 ของนักศึกษาปีการศึกษา 2565,ร้อยละ 40 ของผู้จบการศึกษา,"15,500 บาท",0,0,40,0
มหาวิทยาลัยเกษมบัณฑิต,วิศวกรรมอุตสาหการ,วศ.บ.วิศวกรรมอุตสาหการ,B.Eng. (Industrial Engineering),ภาษาไทย ปกติ,วิทยาเขตร่มเกล้า,282,อัตราการจบการศึกษา ร้อยละ 30 ของนักศึกษาปีการศึกษา 2565,ร้อยละ 30 ของผู้จบการศึกษา,"15,500 บาท",0,0,60,0
มหาวิทยาลัยเทคโนโลยีมหานคร,วิศวกรรมคอมพิวเตอร์,หลักสูตรมาตรฐาน,Standard curriculum,ภาษาไทย ปกติ,วิทยาเขตหลัก,ไม่ทราบ,,,,0,0,50,0
มหาวิทยาลัยเทคโนโลยีมหานคร,วิศวกรรมเครื่องกล,หลักสูตรมาตรฐาน,Standard curriculum,ภาษาไทย ปกติ,วิทยาเขตหลัก,ไม่ทราบ,,,,0,0,50,0
มหาวิทยาลัยเทคโนโลยีมหานคร,วิศวกรรมไฟฟ้ากำลัง,หลักสูตรมาตรฐาน,Standard curriculum,ภาษาไทย ปกติ,วิทยาเขตหลัก,ไม่ทราบ,,,,0,0,50,0
มหาวิทยาลัยเทคโนโลยีมหานคร,วิศวกรรมไฟฟ้าสื่อสาร วิศวกรรมโทรคมนาคม,หลักสูตรมาตรฐาน,Standard curriculum,ภาษาไทย ปกติ,วิทยาเขตหลัก,ไม่ทราบ,,,,0,0,50,0
มหาวิทยาลัยเทคโนโลยีมหานคร,วิศวกรรมเมคคาทรอนิกส์,หลักสูตรมาตรฐาน,Standard curriculum,ภาษาไทย ปกติ,วิทยาเขตหลัก,ไม่ทราบ,,,,0,0,50,0
มหาวิทยาลัยเทคโนโลยีมหานคร,วิศวกรรมโยธา,หลักสูตรมาตรฐาน,Standard curriculum,ภาษาไทย ปกติ,วิทยาเขตหลัก,ไม่ทราบ,,,,0,0,50,0
มหาวิทยาลัยเทคโนโลยีมหานคร,วิศวกรรมระบบวัดคุม วิศวกรรมอัตโนมัติ,หลักสูตรมาตรฐาน,Standard curriculum,ภาษาไทย ปกติ,วิทยาเขตหลัก,ไม่ทราบ,,,,0,0,50,0
มหาวิทยาลัยธุรกิจบัณฑิตย์,เทคโนโลยีสารสนเทศ,วิทยาศาสตรบัณฑิต สาขาวิชาเทคโนโลยีสารสนเทศและวิทยาการข้อมูล,Bachelor of Science Program in Information Technology and Data,ภาษาไทย ปกติ,วิทยาเขตหลัก,412,อัตราการจบการศึกษา ร้อยละ 92 ของนักศึกษาปีการศึกษา 2564,,,40,40,40,0
มหาวิทยาลัยธุรกิจบัณฑิตย์,วิศวกรรมคอมพิวเตอร์,วิศวกรรมศาสตรบัณฑิต สาขาวิชาวิศวกรรมคอมพิวเตอร์,Bachelor of Engineering Program in Computer Engineering,ภาษาไทย ปกติ,วิทยาเขตหลัก,435,อัตราการจบการศึกษา ร้อยละ 61 ของนักศึกษาปีการศึกษา 2564,,,30,30,30,0
มหาวิทยาลัยธุรกิจบัณฑิตย์,วิศวกรรมโลจิสติกส์,วิศวกรรมศาสตรบัณฑิต สาขาวิชาวิศวกรรมโลจิสติกส์,Bachelor of Engineering Program in Logistics Engineering,ภาษาไทย ปกติ,วิทยาเขตหลัก,430,อัตราการจบการศึกษา ร้อยละ 85 ของนักศึกษาปีการศึกษา 2564,,,40,40,40,0
มหาวิทยาลัยปทุมธานี,วิศวกรรมเครื่องกล,วิศวกรรมศาสตรบัณฑิต,Bachelor of Engineering,ภาษาไทย ปกติ,วิทยาเขตหลัก,460,,,,0,0,10,0
มหาวิทยาลัยปทุมธานี,วิศวกรรมไฟฟ้า,วิศวกรรมศาสตรบัณฑิต,Bachelor of Engineering,ภาษาไทย ปกติ,วิทยาเขตหลัก,460,,,,0,0,10,0
มหาวิทยาลัยปทุมธานี,วิศวกรรมโยธา,วิศวกรรมศาสตรบัณฑิต,Bachelor of Engineering,ภาษาไทย ปกติ,วิทยาเขตหลัก,460,,,,0,0,10,0
มหาวิทยาลัยปทุมธานี,วิศวกรรมโยธา,วิศวกรรมศาสตรบัณฑิต,Bachelor of Engineering,ต่อเนื่อง ปกติ,วิทยาเขตหลัก,475,,,,0,0,10,0
มหาวิทยาลัยรังสิต,วิศวกรรมคอมพิวเตอร์,วศ.บ.วิศวกรรมคอมพิวเตอร์,B.Eng. Computer Engineering,ภาษาไทย ปกติ,วิทยาเขตหลัก,396,75%,100%,25000,0,0,30,0
มหาวิทยาลัยรังสิต,วิศวกรรมเคมี,วศ.บ.วิศวกรรมเคมี,B.ENG. Chemical Engineering,ภาษาไทย ปกติ,วิทยาเขตหลัก,384,80%,100%,26000,0,0,30,0
มหาวิทยาลัยรังสิต,วิศวกรรมเครื่องกล,วศ.บ.วิศวกรรมเครื่องกล,B.Eng. Mechanical Engineering,ภาษาไทย ปกติ,วิทยาเขตหลัก,394,71%,65%,20000,0,0,30,0
มหาวิทยาลัยรังสิต,วิศวกรรมไฟฟ้า,วศ.บ.วิศวกรรมไฟฟ้า,B.Eng. Electrical Engineering,ภาษาไทย ปกติ,วิทยาเขตหลัก,397,78%,75%,20000,0,0,30,0
มหาวิทยาลัยรังสิต,วิศวกรรมโยธา,วศ.บ.วิศวกรรมโยธา,B.Eng. Civil Engineering,ภาษาไทย ปกติ,วิทยาเขตหลัก,414,74%,65%,20000,0,0,30,0
มหาวิทยาลัยรังสิต,วิศวกรรมอุตสาหการ,วศ.บ.วิศวกรรมอุตสาหการ,B.Eng. Industrial Engineering,ภาษาไทย ปกติ,วิทยาเขตหลัก,386,70%,100%,18000,0,0,30,0
มหาวิทยาลัยศรีปทุม,วิศวกรรมเครื่องกล,วศ.บ. สาขาวิชาวิศวกรรมเครื่องกล,B.Eng. Mechanical Engineering,ภาษาไทย ปกติ,วิทยาเขตหลัก,,,,,10,10,10,10
มหาวิทยาลัยศรีปทุม,วิศวกรรมเครื่องกล,วศ.บ. สาขาวิชาวิศวกรรมเครื่องกล(เทคโนโลยีอาคาร),B.Eng. Mechanical Engineering (Building technology),ภาษาไทย ปกติ,วิทยาเขตหลัก,,,,,10,10,10,10
มหาวิทยาลัยศรีปทุม,วิศวกรรมเครื่องกล,วศ.บ. สาขาวิชาวิศวกรรมเครื่องกล(เทคโนโลยียานยนต์สมัยใหม่),B.Eng. Mechanical Engineering (Next Generation Automotive Technologies),ภาษาไทย ปกติ,วิทยาเขตหลัก,,,,,10,10,10,10
มหาวิทยาลัยศรีปทุม,วิศวกรรมไฟฟ้า,วศ.บ. สาขาวิชาวิศวกรรมไฟฟ้า,B.Eng. Electrical Engineering,ภาษาไทย ปกติ,วิทยาเขตหลัก,,,,,25,25,25,25
มหาวิทยาลัยศรีปทุม,วิศวกรรมไฟฟ้า,วศ.บ. สาขาวิชาวิศวกรรมไฟฟ้า (ระบบควบคุมอัตโนมัติและหุ่นยนต์),B.Eng. Electrical Engineering (Automated control systems and robots),ภาษาไทย ปกติ,วิทยาเขตหลัก,,,,,25,25,25,25
มหาวิทยาลัยศรีปทุม,วิศวกรรมโยธา,วศ.บ. สาขาวิชาวิศวกรรมโยธา,B.Eng. Civil Engineering,ภาษาไทย ปกติ,วิทยาเขตหลัก,,,,,25,25,25,25
มหาวิทยาลัยศรีปทุม,วิศวกรรมโยธา,วศ.บ. สาขาวิชาวิศวกรรมโยธา(การจัดการงานก่อสร้าง),B.Eng. Civil Engineering (Construction Management),ภาษาไทย ปกติ,วิทยาเขตหลัก,,,,,25,25,25,25
มหาวิทยาลัยศรีปทุม,วิศวกรรมระบบราง,วศ.บ. สาขาวิชาวิศวกรรมระบบราง,B.Eng. Railway Engineering,ภาษาไทย ปกติ,วิทยาเขตหลัก,,,,,5,5,5,10
มหาวิทยาลัยศรีปทุม,วิศวกรรมอุตสาหการ,วศ.บ. สาขาวิชาวิศวกรรมอุตสาหการและการจัดการ,B.Eng. Industrial Engineering,ภาษาไทย ปกติ,วิทยาเขตหลัก,,,,,5,5,5,5
มหาวิทยาลัยศรีปทุม,วิศวกรรมอุตสาหการ,วศ.บ. สาขาวิชาวิศวกรรมอุตสาหการและการจัดการ (การจัดการวิศวกรรม),B.Eng. Industrial Engineering (Engineering Management),ภาษาไทย ปกติ,วิทยาเขตหลัก,,,,,5,5,5,5
มหาวิทยาลัยสยาม,วิศวกรรมทั่วไป,"วิศวกรรมศาสตรบัณฑิต (สาขาวิชาวิศวกรรมยานยนต์,สาขาวิชาวิศวกรรมเครื่องกล,สาขาวิชาวิศวกรรมไฟฟ้า,สาขาวิชาวิศวกรรมโยธา เลือกสาขาภายหลัง)","Bachelor of Engineering (Automotive Engineering, Mechanical Engineering, Electrical Engineering ,Civil Engineering)",ภาษาไทย ปกติ,วิทยาเขตหลัก,320,-,ร้อยละ 90 ของผู้จบการศึกษา,"25,000.00 บาท",0,0,80,0
มหาวิทยาลัยสยาม,วิศวกรรมคอมพิวเตอร์,วศ.บ. วิศวกรรมคอมพิวเตอร์,Bachelor of Engineering (Computer Engineering),ภาษาไทย ปกติ,วิทยาเขตหลัก,303,-,ร้อยละ 80 ของผู้จบการศึกษา,"32,625.00 บาท",30,0,20,0
มหาวิทยาลัยสยาม,วิศวกรรมเครื่องกล,วศ.บ. วิศวกรรมเครื่องกล,Bachelor of Engineering (Mechanical Engineering),ภาษาไทย ปกติ,วิทยาเขตหลัก,329,-,ร้อยละ 71.43 ของผู้จบการศึกษา,"17,900.00 บาท",40,0,0,0
มหาวิทยาลัยสยาม,วิศวกรรมไฟฟ้า,วศ.บ. วิศวกรรมไฟฟ้า,Bachelor of Engineering ( Electrical Engineering ),ภาษาไทย ปกติ,วิทยาเขตหลัก,333,-,ร้อยละ 79.41 ของผู้จบการศึกษา,"20,015.15 บาท",40,0,0,0
มหาวิทยาลัยสยาม,วิศวกรรมยานยนต์,วศ.บ. วิศวกรรมยานยนต์,Bachelor of Engineering Program in Automotive Engineering,ภาษาไทย ปกติ,วิทยาเขตหลัก,301,-,ร้อยละ 91.25 ของผู้จบการศึกษา,"18,437.50 บาท",40,0,0,0
มหาวิทยาลัยสยาม,วิศวกรรมโยธา,วศ.บ. วิศวกรรมโยธา,Bachelor of Engineering (Civil Engineering),ภาษาไทย ปกติ,วิทยาเขตหลัก,326,-,ร้อยละ 100 ของผู้จบการศึกษา,"29,500.00 บาท",40,0,0,0
มหาวิทยาลัยสยาม,วิศวกรรมอุตสาหการ,วศ.บ. วิศวกรรมอุตสาหการ,Bachelor of Engineering (Industrial Engineering),ภาษาไทย ปกติ,วิทยาเขตหลัก,305,-,ร้อยละ 100 ของผู้จบการศึกษา,"33,500.00 บาท",40,0,20,0
มหาวิทยาลัยหอการค้าไทย,วิศวกรรมคอมพิวเตอร์,หลักสูตรวิศวกรรมศาสตรบัณฑิต (วิศวกรรมคอมพิวเตอร์และปัญญาประดิษฐ์),B.Eng. (Computer Engineering and Artificial Intelligence),ภาษาไทย ปกติ,วิทยาเขตหลัก,340,อัตราการจบการศึกษา ร้อยละ 80 ของนักศึกษาปีการศึกษา 2566,ร้อยละ 100 ของผู้จบการศึกษา,,0,0,60,0
มหาวิทยาลัยหอการค้าไทย,วิศวกรรมไฟฟ้า,หลักสูตรวิศวกรรมศาสตรบัณฑิต (วิศวกรรมไฟฟ้าและพลังงาน),B.Eng. (Electrical and Energy Engineering),ภาษาไทย ปกติ,วิทยาเขตหลัก,340,อัตราการจบการศึกษา ร้อยละ 80 ของนักศึกษาปีการศึกษา 2566,ร้อยละ 100 ของผู้จบการศึกษา,,0,0,60,0
มหาวิทยาลัยหอการค้าไทย,วิศวกรรมโลจิสติกส์,หลักสูตรวิศวกรรมศาสตรบัณฑิต (วิศวกรรมโลจิสติกส์),B.Eng. (Logistics Engineering),ภาษาไทย ปกติ,วิทยาเขตหลัก,340,อัตราการจบการศึกษา ร้อยละ 80 ของนักศึกษาปีการศึกษา 2566,ร้อยละ 100 ของผู้จบการศึกษา,,0,0,60,0
สถาบันการจัดการปัญญาภิวัฒน์,เทคโนโลยีสารสนเทศ,หลักสูตรวิทยาศาสตรบัณฑิต สาขาวิชาเทคโนโลยีดิจิทัลและสารสนเทศ,Bachelor of Science Program in Digital and Information Technology,ภาษาไทย ปกติ,แจ้งวัฒนะ นนทบุรี,360,ร้อยละ 90 ของนักศึกษาปีการศึกษา 2565,ร้อยละ 100 ของผู้จบการศึกษา,"27,560 บาท",30,0,30,0
สถาบันการจัดการปัญญาภิวัฒน์,เทคโนโลยีสารสนเทศ,หลักสูตรวิทยาศาสตรบัณฑิต สาขาวิชาเทคโนโลยีดิจิทัลและสารสนเทศ,Bachelor of Science Program in Digital and Information Technology,ภาษาไทย ปกติ,อีอีซี,360,ร้อยละ 90 ของนักศึกษาปีการศึกษา 2565,ร้อยละ 100 ของผู้จบการศึกษา,"27,560 บาท",30,0,30,0
สถาบันการจัดการปัญญาภิวัฒน์,วิศวกรรมเมคคาทรอนิกส์,หลักสูตรวิศวกรรมศาสตรบัณฑิต สาขาวิชาวิศวกรรมหุ่นยนต์และระบบอัตโนมัติ,Bachelor of Engineering Program in Robotics and Automation Engineering,ภาษาไทย ปกติ,แจ้งวัฒนะ นนทบุรี,502,ร้อยละ 96 ของนักศึกษาปีการศึกษา 2565,ร้อยละ 95 ของผู้จบการศึกษา,"20,000-25,000 บาท",10,0,10,0
สถาบันการจัดการปัญญาภิวัฒน์,วิศวกรรมยานยนต์,หลักสูตรวิศวกรรมศาสตรบัณฑิต สาขาวิชาวิศวกรรมการผลิตยานยนต์,Bachelor of Engineering Program in Automotive Manufacturing Engineering,ภาษาไทย ปกติ,แจ้งวัฒนะ นนทบุรี,384,ร้อยละ 96 ของนักศึกษาปีการศึกษา 2565,ร้อยละ 95 ของผู้จบการศึกษา,"25,000 บาท",20,0,20,0
สถาบันการจัดการปัญญาภิวัฒน์,วิศวกรรมอุตสาหการ,หลักสูตรวิศวกรรมศาสตรบัณฑิต สาขาวิชาวิศวกรรมอุตสาหการและการผลิตอัจฉริยะ,Bachelor of Engineering Program in Industrial Engineering and Intelligent Manufacturing,ภาษาไทย ปกติ,แจ้งวัฒนะ นนทบุรี,540,ร้อยละ 98 ของนักศึกษาปีการศึกษา 2565,ร้อยละ 100 ของผู้จบการศึกษา,"35,000 บาท",20,20,20,0
สถาบันการจัดการปัญญาภิวัฒน์,วิศวกรรมอุตสาหการ,หลักสูตรวิศวกรรมศาสตรบัณฑิต สาขาวิชาวิศวกรรมอุตสาหการและการผลิตอัจฉริยะ,Bachelor of Engineering Program in Industrial Engineering and Intelligent Manufacturing,ภาษาไทย ปกติ,อีอีซี,540,ร้อยละ 98 ของนักศึกษาปีการศึกษา 2565,ร้อยละ 100 ของผู้จบการศึกษา,"35,000 บาท",20,20,20,0
สถาบันการจัดการปัญญาภิวัฒน์,วิศวกรรมปัญญาประดิษฐ์,หลักสูตรวิศวกรรมศาสตรบัณฑิต สาขาวิชาวิศวกรรมคอมพิวเตอร์และปัญญาประดิษฐ์,Bachelor of Engineering Program in Computer Engineering and Artificial Intelligence,ภาษาไทย ปกติ,แจ้งวัฒนะ นนทบุรี,384,ร้อยละ 90 ของนักศึกษาปีการศึกษา 2565,ร้อยละ 100 ของผู้จบการศึกษา,"24,470 บาท",30,0,30,0
